seg_id_nat,model,percent_trn_data,rmse,bias,n_obs_test
1435,GMAML,10,0.8189974486039187,-0.04710103643984869,4899
1435,GMAML,100,0.7506932065637277,-0.01725767082246337,4899
1435,HGN,10,2.708658720883741,0.7385054006950985,4899
1435,HGN,100,3.2719994984693996,0.07373894309784342,4899
1435,MTHGN,10,1.7685288743733656,-0.0630548417404108,4899
1435,MTHGN,100,0.8775687590553024,-0.00251303840339617,4899
1436,GMAML,10,3.377351555022792,-0.10036324800678485,4900
1436,GMAML,100,3.009087933133564,-0.16467861855881413,4900
1436,HGN,10,4.3982060969258105,0.45099044703914376,4900
1436,HGN,100,5.056666680684149,-1.314159990078331,4900
1436,MTHGN,10,3.3686868633536045,0.24481568468711956,4900
1436,MTHGN,100,2.749921176339484,0.4162333955168738,4900
1437,GMAML,10,12.47818257346471,-0.6559298960911135,4900
1437,GMAML,100,11.246364134010559,-0.5020872427651201,4900
1437,HGN,10,11.635475550908767,-1.2357983360039095,4900
1437,HGN,100,12.886121556921859,-1.656761697948013,4900
1437,MTHGN,10,10.309887740040214,-0.8653612846294568,4900
1437,MTHGN,100,9.848639825974463,0.1340665245992456,4900
1438,GMAML,10,NA,NA,0
1438,GMAML,100,NA,NA,0
1438,HGN,10,NA,NA,0
1438,HGN,100,NA,NA,0
1438,MTHGN,10,NA,NA,0
1438,MTHGN,100,NA,NA,0
1439,GMAML,10,NA,NA,0
1439,GMAML,100,NA,NA,0
1439,HGN,10,NA,NA,0
1439,HGN,100,NA,NA,0
1439,MTHGN,10,NA,NA,0
1439,MTHGN,100,NA,NA,0
1440,GMAML,10,2.198055714355379,0.014706784266389685,4900
1440,GMAML,100,2.020078672622771,-0.22786120501726997,4900
1440,HGN,10,2.822579399300486,0.30864203683859043,4900
1440,HGN,100,3.278823565492567,-1.4304615525264595,4900
1440,MTHGN,10,1.7531651907371784,-0.27101784068121726,4900
1440,MTHGN,100,1.6101025063163277,-0.031492181353612925,4900
1441,GMAML,10,2.4333401628434834,-0.1930008166238378,4900
1441,GMAML,100,2.151403924756535,0.03162623935921129,4900
1441,HGN,10,3.4406894300589674,0.6939562399703005,4900
1441,HGN,100,3.9714385011287483,1.6381598983381016,4900
1441,MTHGN,10,1.8768357836884042,-0.2652238368126053,4900
1441,MTHGN,100,1.8136474667827929,-0.1299766169873278,4900
1442,GMAML,10,7.096000267066013,-0.6094904230146928,4895
1442,GMAML,100,6.505386856415488,-0.057391509933996616,4895
1442,HGN,10,8.132165890427723,1.0046587319323526,4895
1442,HGN,100,7.996173813489499,3.303215741770534,4895
1442,MTHGN,10,5.990071858309372,0.3142591530020377,4895
1442,MTHGN,100,5.549446280112608,0.4152581674697388,4895
1443,GMAML,10,2.541784998347009,-0.1445231877723053,4894
1443,GMAML,100,2.2720353546660674,-0.1846358433434645,4894
1443,HGN,10,3.335216248168466,0.33436478196908925,4894
1443,HGN,100,3.351903669222752,-1.2565649364512343,4894
1443,MTHGN,10,2.2726240085111784,-0.3804983304542073,4894
1443,MTHGN,100,1.9038047515150605,0.08227123032656929,4894
1444,GMAML,10,NA,NA,0
1444,GMAML,100,NA,NA,0
1444,HGN,10,NA,NA,0
1444,HGN,100,NA,NA,0
1444,MTHGN,10,NA,NA,0
1444,MTHGN,100,NA,NA,0
1445,GMAML,10,NA,NA,0
1445,GMAML,100,NA,NA,0
1445,HGN,10,NA,NA,0
1445,HGN,100,NA,NA,0
1445,MTHGN,10,NA,NA,0
1445,MTHGN,100,NA,NA,0
1446,GMAML,10,NA,NA,0
1446,GMAML,100,NA,NA,0
1446,HGN,10,NA,NA,0
1446,HGN,100,NA,NA,0
1446,MTHGN,10,NA,NA,0
1446,MTHGN,100,NA,NA,0
1447,GMAML,10,NA,NA,0
1447,GMAML,100,NA,NA,0
1447,HGN,10,NA,NA,0
1447,HGN,100,NA,NA,0
1447,MTHGN,10,NA,NA,0
1447,MTHGN,100,NA,NA,0
1448,GMAML,10,NA,NA,0
1448,GMAML,100,NA,NA,0
1448,HGN,10,NA,NA,0
1448,HGN,100,NA,NA,0
1448,MTHGN,10,NA,NA,0
1448,MTHGN,100,NA,NA,0
1449,GMAML,10,18.55488996770649,-6.055983863449674,4897
1449,GMAML,100,14.773721198422805,-5.767887910065611,4897
1449,HGN,10,12.593500770788737,-4.624452513840708,4897
1449,HGN,100,15.939790954276104,-7.22333238003749,4897
1449,MTHGN,10,11.448637064353397,-4.2040477398551905,4897
1449,MTHGN,100,11.280348872596779,-4.646538553585877,4897
1450,GMAML,10,23.381910048582892,-8.166514441549111,4900
1450,GMAML,100,18.57097211998725,-6.961615288258098,4900
1450,HGN,10,14.72647187970047,-4.64214532911954,4900
1450,HGN,100,19.13312681143876,-10.438273254718599,4900
1450,MTHGN,10,13.38770170881861,-4.220132117381401,4900
1450,MTHGN,100,12.19713381466962,-4.230359401715544,4900
1451,GMAML,10,NA,NA,0
1451,GMAML,100,NA,NA,0
1451,HGN,10,NA,NA,0
1451,HGN,100,NA,NA,0
1451,MTHGN,10,NA,NA,0
1451,MTHGN,100,NA,NA,0
1452,GMAML,10,NA,NA,0
1452,GMAML,100,NA,NA,0
1452,HGN,10,NA,NA,0
1452,HGN,100,NA,NA,0
1452,MTHGN,10,NA,NA,0
1452,MTHGN,100,NA,NA,0
1453,GMAML,10,NA,NA,0
1453,GMAML,100,NA,NA,0
1453,HGN,10,NA,NA,0
1453,HGN,100,NA,NA,0
1453,MTHGN,10,NA,NA,0
1453,MTHGN,100,NA,NA,0
1454,GMAML,10,NA,NA,0
1454,GMAML,100,NA,NA,0
1454,HGN,10,NA,NA,0
1454,HGN,100,NA,NA,0
1454,MTHGN,10,NA,NA,0
1454,MTHGN,100,NA,NA,0
1455,GMAML,10,9.33398340096823,-6.671757419884069,578
1455,GMAML,100,4.737953570242746,-0.2878167097490819,578
1455,HGN,10,5.286179889626805,0.8975962025191627,578
1455,HGN,100,5.874562920514023,-3.2071720540470587,578
1455,MTHGN,10,4.571560910895565,-0.9279897041127612,578
1455,MTHGN,100,4.890237277366949,-1.905695884012089,578
1456,GMAML,10,NA,NA,0
1456,GMAML,100,NA,NA,0
1456,HGN,10,NA,NA,0
1456,HGN,100,NA,NA,0
1456,MTHGN,10,NA,NA,0
1456,MTHGN,100,NA,NA,0
1457,GMAML,10,22.210144959807735,-3.1174945119025494,4900
1457,GMAML,100,19.438058687788835,-1.6759576828074805,4900
1457,HGN,10,17.96849647007356,-0.3220987027812713,4900
1457,HGN,100,18.338794920240996,-3.3599671889503497,4900
1457,MTHGN,10,16.122529409800748,-0.7866312667480642,4900
1457,MTHGN,100,15.4001886404336,-0.39070236013216464,4900
1458,GMAML,10,NA,NA,0
1458,GMAML,100,NA,NA,0
1458,HGN,10,NA,NA,0
1458,HGN,100,NA,NA,0
1458,MTHGN,10,NA,NA,0
1458,MTHGN,100,NA,NA,0
1459,GMAML,10,NA,NA,0
1459,GMAML,100,NA,NA,0
1459,HGN,10,NA,NA,0
1459,HGN,100,NA,NA,0
1459,MTHGN,10,NA,NA,0
1459,MTHGN,100,NA,NA,0
1460,GMAML,10,NA,NA,0
1460,GMAML,100,NA,NA,0
1460,HGN,10,NA,NA,0
1460,HGN,100,NA,NA,0
1460,MTHGN,10,NA,NA,0
1460,MTHGN,100,NA,NA,0
1461,GMAML,10,NA,NA,0
1461,GMAML,100,NA,NA,0
1461,HGN,10,NA,NA,0
1461,HGN,100,NA,NA,0
1461,MTHGN,10,NA,NA,0
1461,MTHGN,100,NA,NA,0
1462,GMAML,10,49.54900658279486,-15.808517046204344,4871
1462,GMAML,100,40.96988483985165,-9.7202561865987,4871
1462,HGN,10,29.937453918589995,-2.282380690905576,4871
1462,HGN,100,30.164112255524564,-6.706402383538885,4871
1462,MTHGN,10,27.215867198718176,-2.07489153718689,4871
1462,MTHGN,100,27.195922510763662,-5.662499872631373,4871
1463,GMAML,10,NA,NA,0
1463,GMAML,100,NA,NA,0
1463,HGN,10,NA,NA,0
1463,HGN,100,NA,NA,0
1463,MTHGN,10,NA,NA,0
1463,MTHGN,100,NA,NA,0
1464,GMAML,10,NA,NA,0
1464,GMAML,100,NA,NA,0
1464,HGN,10,NA,NA,0
1464,HGN,100,NA,NA,0
1464,MTHGN,10,NA,NA,0
1464,MTHGN,100,NA,NA,0
1465,GMAML,10,0.6425852977844386,-0.0821182594021517,4900
1465,GMAML,100,0.5322787019378394,0.005558961966691737,4900
1465,HGN,10,1.6227560421369052,0.36626676470477665,4900
1465,HGN,100,3.3157483867291813,-1.5576161642501578,4900
1465,MTHGN,10,0.9220633705374701,-0.28580749774843134,4900
1465,MTHGN,100,0.5601294062176371,0.21459708573489486,4900
1466,GMAML,10,NA,NA,0
1466,GMAML,100,NA,NA,0
1466,HGN,10,NA,NA,0
1466,HGN,100,NA,NA,0
1466,MTHGN,10,NA,NA,0
1466,MTHGN,100,NA,NA,0
1467,GMAML,10,NA,NA,0
1467,GMAML,100,NA,NA,0
1467,HGN,10,NA,NA,0
1467,HGN,100,NA,NA,0
1467,MTHGN,10,NA,NA,0
1467,MTHGN,100,NA,NA,0
1468,GMAML,10,1.2928731817841785,0.10451933552104561,4900
1468,GMAML,100,1.0138490611071513,0.014043334615185848,4900
1468,HGN,10,3.9517084239196274,0.3493923057602859,4900
1468,HGN,100,7.798118528269154,-2.104950954832881,4900
1468,MTHGN,10,1.6085910795175025,-0.022292815779224658,4900
1468,MTHGN,100,1.0619013717280776,0.28076746710315437,4900
1469,GMAML,10,6.137251435063679,-0.9652210222176574,4900
1469,GMAML,100,4.909016423717176,-0.6294962901201405,4900
1469,HGN,10,5.8715530109701,-0.39896820150873535,4900
1469,HGN,100,10.717222739301935,-3.5674323270475,4900
1469,MTHGN,10,4.129598047410902,0.4377772841445416,4900
1469,MTHGN,100,3.5485260806215764,-0.7160667907664592,4900
1470,GMAML,10,1.8305783722267088,0.10815481493157943,4900
1470,GMAML,100,1.7347716273757183,-0.49711819468180474,4900
1470,HGN,10,2.7295960932447403,0.3505993041831736,4900
1470,HGN,100,6.598033723118395,2.0659761941972707,4900
1470,MTHGN,10,1.7653847321490699,-0.46933195918874815,4900
1470,MTHGN,100,1.522376791178202,0.21947083096646802,4900
1471,GMAML,10,NA,NA,0
1471,GMAML,100,NA,NA,0
1471,HGN,10,NA,NA,0
1471,HGN,100,NA,NA,0
1471,MTHGN,10,NA,NA,0
1471,MTHGN,100,NA,NA,0
1472,GMAML,10,3.9727918121649366,-0.4514772360735571,4900
1472,GMAML,100,3.326413587930105,-0.4009957122258267,4900
1472,HGN,10,5.541101160033821,1.3212830181526118,4900
1472,HGN,100,9.56391705945638,-1.5668276786259732,4900
1472,MTHGN,10,3.6899400232631363,0.34190842848013836,4900
1472,MTHGN,100,2.5020960066900653,-0.1651459041362395,4900
1473,GMAML,10,NA,NA,0
1473,GMAML,100,NA,NA,0
1473,HGN,10,NA,NA,0
1473,HGN,100,NA,NA,0
1473,MTHGN,10,NA,NA,0
1473,MTHGN,100,NA,NA,0
1474,GMAML,10,0.41754672141820903,0.007852173227362948,4900
1474,GMAML,100,0.488750817680956,0.056239129683291714,4900
1474,HGN,10,1.5706669358877603,-0.3320689847625161,4900
1474,HGN,100,1.7547029663808953,-0.4561389922839266,4900
1474,MTHGN,10,0.42735021531088624,0.1475169890523945,4900
1474,MTHGN,100,0.3250338325614849,0.03444905186317555,4900
1475,GMAML,10,NA,NA,0
1475,GMAML,100,NA,NA,0
1475,HGN,10,NA,NA,0
1475,HGN,100,NA,NA,0
1475,MTHGN,10,NA,NA,0
1475,MTHGN,100,NA,NA,0
1476,GMAML,10,NA,NA,0
1476,GMAML,100,NA,NA,0
1476,HGN,10,NA,NA,0
1476,HGN,100,NA,NA,0
1476,MTHGN,10,NA,NA,0
1476,MTHGN,100,NA,NA,0
1477,GMAML,10,NA,NA,0
1477,GMAML,100,NA,NA,0
1477,HGN,10,NA,NA,0
1477,HGN,100,NA,NA,0
1477,MTHGN,10,NA,NA,0
1477,MTHGN,100,NA,NA,0
1478,GMAML,10,5.969591968966056,-0.4196819499943983,4900
1478,GMAML,100,5.119985435662543,-0.9388357504936938,4900
1478,HGN,10,4.904223502315076,-0.5731493327392653,4900
1478,HGN,100,16.636710236859706,6.9286893789826784,4900
1478,MTHGN,10,4.458385002104615,-0.5210448479447871,4900
1478,MTHGN,100,3.6512594252374826,-0.4422480122205988,4900
1479,GMAML,10,2.017705491459719,0.4253050947510458,4900
1479,GMAML,100,1.4982027783296872,0.20478934039697924,4900
1479,HGN,10,2.459627583249429,-0.4179161072769953,4900
1479,HGN,100,5.874056807187163,-1.7407155326938815,4900
1479,MTHGN,10,1.7216888277569504,0.5983530357888094,4900
1479,MTHGN,100,1.3374231583497853,0.16257084865782293,4900
1480,GMAML,10,NA,NA,0
1480,GMAML,100,NA,NA,0
1480,HGN,10,NA,NA,0
1480,HGN,100,NA,NA,0
1480,MTHGN,10,NA,NA,0
1480,MTHGN,100,NA,NA,0
1481,GMAML,10,NA,NA,0
1481,GMAML,100,NA,NA,0
1481,HGN,10,NA,NA,0
1481,HGN,100,NA,NA,0
1481,MTHGN,10,NA,NA,0
1481,MTHGN,100,NA,NA,0
1482,GMAML,10,NA,NA,0
1482,GMAML,100,NA,NA,0
1482,HGN,10,NA,NA,0
1482,HGN,100,NA,NA,0
1482,MTHGN,10,NA,NA,0
1482,MTHGN,100,NA,NA,0
1483,GMAML,10,NA,NA,0
1483,GMAML,100,NA,NA,0
1483,HGN,10,NA,NA,0
1483,HGN,100,NA,NA,0
1483,MTHGN,10,NA,NA,0
1483,MTHGN,100,NA,NA,0
1484,GMAML,10,NA,NA,0
1484,GMAML,100,NA,NA,0
1484,HGN,10,NA,NA,0
1484,HGN,100,NA,NA,0
1484,MTHGN,10,NA,NA,0
1484,MTHGN,100,NA,NA,0
1485,GMAML,10,344.56019300140997,-204.22518874359272,4900
1485,GMAML,100,295.8940126906924,-157.99194780126925,4900
1485,HGN,10,201.24313049857554,-41.74221401969894,4900
1485,HGN,100,184.5024496440861,-21.92106723212263,4900
1485,MTHGN,10,182.94830045325048,-37.947467290635416,4900
1485,MTHGN,100,180.44330479448206,-43.90291166705542,4900
1486,GMAML,10,NA,NA,0
1486,GMAML,100,NA,NA,0
1486,HGN,10,NA,NA,0
1486,HGN,100,NA,NA,0
1486,MTHGN,10,NA,NA,0
1486,MTHGN,100,NA,NA,0
1487,GMAML,10,NA,NA,0
1487,GMAML,100,NA,NA,0
1487,HGN,10,NA,NA,0
1487,HGN,100,NA,NA,0
1487,MTHGN,10,NA,NA,0
1487,MTHGN,100,NA,NA,0
1488,GMAML,10,NA,NA,0
1488,GMAML,100,NA,NA,0
1488,HGN,10,NA,NA,0
1488,HGN,100,NA,NA,0
1488,MTHGN,10,NA,NA,0
1488,MTHGN,100,NA,NA,0
1489,GMAML,10,606.7679974585681,-506.4582881293826,547
1489,GMAML,100,525.8358076251669,-429.2887867442103,547
1489,HGN,10,295.2481944226726,-160.26196796881294,547
1489,HGN,100,261.0911267180273,-123.54130959808256,547
1489,MTHGN,10,268.4074494751569,-145.69269815346632,547
1489,MTHGN,100,262.5506324774234,-119.18544350586792,547
1490,GMAML,10,NA,NA,0
1490,GMAML,100,NA,NA,0
1490,HGN,10,NA,NA,0
1490,HGN,100,NA,NA,0
1490,MTHGN,10,NA,NA,0
1490,MTHGN,100,NA,NA,0
1491,GMAML,10,NA,NA,0
1491,GMAML,100,NA,NA,0
1491,HGN,10,NA,NA,0
1491,HGN,100,NA,NA,0
1491,MTHGN,10,NA,NA,0
1491,MTHGN,100,NA,NA,0
1492,GMAML,10,NA,NA,0
1492,GMAML,100,NA,NA,0
1492,HGN,10,NA,NA,0
1492,HGN,100,NA,NA,0
1492,MTHGN,10,NA,NA,0
1492,MTHGN,100,NA,NA,0
1493,GMAML,10,4.578696916791276,-0.30282039558854795,4900
1493,GMAML,100,3.965214682001985,-0.6228191807205155,4900
1493,HGN,10,4.558665722912523,-0.36344367755643114,4900
1493,HGN,100,9.38965136378299,3.205343866821862,4900
1493,MTHGN,10,3.4152292281362646,0.2375733189550406,4900
1493,MTHGN,100,2.7686677653195813,-0.11377179896425844,4900
1494,GMAML,10,NA,NA,0
1494,GMAML,100,NA,NA,0
1494,HGN,10,NA,NA,0
1494,HGN,100,NA,NA,0
1494,MTHGN,10,NA,NA,0
1494,MTHGN,100,NA,NA,0
1495,GMAML,10,NA,NA,0
1495,GMAML,100,NA,NA,0
1495,HGN,10,NA,NA,0
1495,HGN,100,NA,NA,0
1495,MTHGN,10,NA,NA,0
1495,MTHGN,100,NA,NA,0
1496,GMAML,10,1.151816649836799,-0.1178591354015063,4900
1496,GMAML,100,1.005613497803899,-0.2957428020943977,4900
1496,HGN,10,2.9318682657368917,0.18824910139823256,4900
1496,HGN,100,9.514324821924038,3.538606668494228,4900
1496,MTHGN,10,2.665334787033538,0.17113554672566586,4900
1496,MTHGN,100,0.8476977288164819,-0.10389454442380053,4900
1497,GMAML,10,4.3595613627443495,-4.338586950055339,1152
1497,GMAML,100,27.205209550633462,27.199822276605826,1152
1497,HGN,10,384.87737823200524,358.6006076189389,1152
1497,HGN,100,364.6422317174356,337.76390284111795,1152
1497,MTHGN,10,349.8885256654593,326.00055238085355,1152
1497,MTHGN,100,311.7243200455601,298.25853452891806,1152
1498,GMAML,10,511.8025355621739,-341.043000976315,4900
1498,GMAML,100,445.6568664663188,-280.4191564285208,4900
1498,HGN,10,316.4060307704781,-100.72464423734863,4900
1498,HGN,100,287.2661529925497,-77.42114295625568,4900
1498,MTHGN,10,287.64184615498004,-91.56785839758969,4900
1498,MTHGN,100,276.5035142222762,-85.01272948028485,4900
1499,GMAML,10,NA,NA,0
1499,GMAML,100,NA,NA,0
1499,HGN,10,NA,NA,0
1499,HGN,100,NA,NA,0
1499,MTHGN,10,NA,NA,0
1499,MTHGN,100,NA,NA,0
1500,GMAML,10,NA,NA,0
1500,GMAML,100,NA,NA,0
1500,HGN,10,NA,NA,0
1500,HGN,100,NA,NA,0
1500,MTHGN,10,NA,NA,0
1500,MTHGN,100,NA,NA,0
1501,GMAML,10,9.908276673494472,-1.0023866850364755,4900
1501,GMAML,100,9.007385475914827,-0.6219431480546004,4900
1501,HGN,10,7.639691067362727,-0.6258148062906278,4900
1501,HGN,100,16.128981380032485,6.233215226583373,4900
1501,MTHGN,10,6.945173697602479,-0.5689225511732983,4900
1501,MTHGN,100,5.817887383500221,0.08112282367753923,4900
1502,GMAML,10,NA,NA,0
1502,GMAML,100,NA,NA,0
1502,HGN,10,NA,NA,0
1502,HGN,100,NA,NA,0
1502,MTHGN,10,NA,NA,0
1502,MTHGN,100,NA,NA,0
1503,GMAML,10,NA,NA,0
1503,GMAML,100,NA,NA,0
1503,HGN,10,NA,NA,0
1503,HGN,100,NA,NA,0
1503,MTHGN,10,NA,NA,0
1503,MTHGN,100,NA,NA,0
1504,GMAML,10,NA,NA,0
1504,GMAML,100,NA,NA,0
1504,HGN,10,NA,NA,0
1504,HGN,100,NA,NA,0
1504,MTHGN,10,NA,NA,0
1504,MTHGN,100,NA,NA,0
1505,GMAML,10,NA,NA,0
1505,GMAML,100,NA,NA,0
1505,HGN,10,NA,NA,0
1505,HGN,100,NA,NA,0
1505,MTHGN,10,NA,NA,0
1505,MTHGN,100,NA,NA,0
1545,GMAML,10,1.2330897122868956,0.0871989989647954,4900
1545,GMAML,100,1.059351988408626,0.13097489455822361,4900
1545,HGN,10,1.829593187560404,0.25851574743121414,4900
1545,HGN,100,2.5456680199748827,-1.2604416566692487,4900
1545,MTHGN,10,1.1283381458586557,0.13556337456611536,4900
1545,MTHGN,100,0.967286682574746,0.042150108403632314,4900
1546,GMAML,10,8.815350414336272,-1.0612057668363781,4896
1546,GMAML,100,7.73511495292806,-0.6558439550474111,4896
1546,HGN,10,9.87477205719562,-0.31725179578779233,4896
1546,HGN,100,13.192013886124661,3.3437345011947865,4896
1546,MTHGN,10,7.18121175275462,-0.6435377440424643,4896
1546,MTHGN,100,6.540173645371998,0.36890673769812565,4896
1547,GMAML,10,NA,NA,0
1547,GMAML,100,NA,NA,0
1547,HGN,10,NA,NA,0
1547,HGN,100,NA,NA,0
1547,MTHGN,10,NA,NA,0
1547,MTHGN,100,NA,NA,0
1548,GMAML,10,3.450118817960901,-0.29666328467211994,4896
1548,GMAML,100,3.122990375746491,-0.32708471033921405,4896
1548,HGN,10,3.749272462138473,0.3473758569325448,4896
1548,HGN,100,6.838920348336189,-2.4133988502877752,4896
1548,MTHGN,10,2.825542897212934,-0.116174249762312,4896
1548,MTHGN,100,2.6105842427055994,0.24853154365114943,4896
1549,GMAML,10,0.8800827097812383,0.06813944733387452,4900
1549,GMAML,100,0.7406249077196723,-0.02485149564679926,4900
1549,HGN,10,1.6898313679024979,0.22611675342857937,4900
1549,HGN,100,2.398361345245101,-0.32166340579680175,4900
1549,MTHGN,10,0.9325520579635976,0.13268345808608054,4900
1549,MTHGN,100,0.8462631473181186,0.21087723668852493,4900
1550,GMAML,10,NA,NA,0
1550,GMAML,100,NA,NA,0
1550,HGN,10,NA,NA,0
1550,HGN,100,NA,NA,0
1550,MTHGN,10,NA,NA,0
1550,MTHGN,100,NA,NA,0
1551,GMAML,10,0.0675534529584863,-0.0072312944079296225,973
1551,GMAML,100,0.27878204454361016,0.18651292257126303,973
1551,HGN,10,1.1899068092422254,-0.032201293526803294,973
1551,HGN,100,2.2815565413889924,1.552703751865454,973
1551,MTHGN,10,0.2938815125601165,0.10205412087880222,973
1551,MTHGN,100,0.20943215278626387,-0.020579612213894937,973
1552,GMAML,10,0.06358550254122729,-0.007374595922120663,973
1552,GMAML,100,0.3046742682138238,0.25846998407352706,973
1552,HGN,10,1.288925021202563,-0.8177053736846417,973
1552,HGN,100,1.309993795684893,0.9008686282471502,973
1552,MTHGN,10,1.1717500192750572,-0.7433685215314924,973
1552,MTHGN,100,1.6873143792832008,-0.4643486217809524,973
1553,GMAML,10,NA,NA,0
1553,GMAML,100,NA,NA,0
1553,HGN,10,NA,NA,0
1553,HGN,100,NA,NA,0
1553,MTHGN,10,NA,NA,0
1553,MTHGN,100,NA,NA,0
1554,GMAML,10,2.104103108366723,-0.311458129576393,3375
1554,GMAML,100,1.7240514440354886,-0.319746117490704,3375
1554,HGN,10,2.4037000738396714,0.8981813287717401,3375
1554,HGN,100,4.675814927136562,-1.9650562603963277,3375
1554,MTHGN,10,1.7604693120318995,-0.04747002987106375,3375
1554,MTHGN,100,1.3860595148283377,0.056321857200333815,3375
1555,GMAML,10,NA,NA,0
1555,GMAML,100,NA,NA,0
1555,HGN,10,NA,NA,0
1555,HGN,100,NA,NA,0
1555,MTHGN,10,NA,NA,0
1555,MTHGN,100,NA,NA,0
1556,GMAML,10,21.668146574826455,-2.9572013322395305,4899
1556,GMAML,100,18.637438138352216,-1.9494594501476412,4899
1556,HGN,10,15.363715374019769,-2.723804230311841,4899
1556,HGN,100,17.496072300302338,-3.76343496896907,4899
1556,MTHGN,10,14.17654459972983,-3.019724813361316,4899
1556,MTHGN,100,13.518693050675187,-1.8872343741809119,4899
1557,GMAML,10,NA,NA,0
1557,GMAML,100,NA,NA,0
1557,HGN,10,NA,NA,0
1557,HGN,100,NA,NA,0
1557,MTHGN,10,NA,NA,0
1557,MTHGN,100,NA,NA,0
1558,GMAML,10,4.553822401865251,-4.0644038297718,110
1558,GMAML,100,2.378730117442891,1.9057220312921173,110
1558,HGN,10,6.759258239429241,5.671701431896763,110
1558,HGN,100,4.994784716219815,0.5653602085569378,110
1558,MTHGN,10,1.955468664909653,0.9006279517542922,110
1558,MTHGN,100,3.240040016960614,-2.0627482321890227,110
1559,GMAML,10,1.718600376609704,-0.14124776303691935,4897
1559,GMAML,100,1.469687493307003,-0.11022053777107498,4897
1559,HGN,10,1.9504863519554492,0.13051856844579812,4897
1559,HGN,100,2.921115812439006,-1.245359242605289,4897
1559,MTHGN,10,1.354253031556607,-0.28419522791481133,4897
1559,MTHGN,100,1.1738257167375004,-0.12901972558095506,4897
1560,GMAML,10,NA,NA,0
1560,GMAML,100,NA,NA,0
1560,HGN,10,NA,NA,0
1560,HGN,100,NA,NA,0
1560,MTHGN,10,NA,NA,0
1560,MTHGN,100,NA,NA,0
1561,GMAML,10,NA,NA,0
1561,GMAML,100,NA,NA,0
1561,HGN,10,NA,NA,0
1561,HGN,100,NA,NA,0
1561,MTHGN,10,NA,NA,0
1561,MTHGN,100,NA,NA,0
1562,GMAML,10,NA,NA,0
1562,GMAML,100,NA,NA,0
1562,HGN,10,NA,NA,0
1562,HGN,100,NA,NA,0
1562,MTHGN,10,NA,NA,0
1562,MTHGN,100,NA,NA,0
1563,GMAML,10,NA,NA,0
1563,GMAML,100,NA,NA,0
1563,HGN,10,NA,NA,0
1563,HGN,100,NA,NA,0
1563,MTHGN,10,NA,NA,0
1563,MTHGN,100,NA,NA,0
1564,GMAML,10,NA,NA,0
1564,GMAML,100,NA,NA,0
1564,HGN,10,NA,NA,0
1564,HGN,100,NA,NA,0
1564,MTHGN,10,NA,NA,0
1564,MTHGN,100,NA,NA,0
1565,GMAML,10,30.59493182663555,-14.068852360529087,4900
1565,GMAML,100,25.5022885713354,-11.647145369018178,4900
1565,HGN,10,24.77319859151214,-14.565739567285426,4900
1565,HGN,100,23.341710526811287,-9.991588466424682,4900
1565,MTHGN,10,22.521089628647402,-13.241581424804934,4900
1565,MTHGN,100,18.614166270651264,-8.194580517607642,4900
1566,GMAML,10,22.78106652739176,-11.091137383268393,4900
1566,GMAML,100,19.23401249392908,-9.303065254173676,4900
1566,HGN,10,21.894369302606584,-12.683561804108063,4900
1566,HGN,100,16.33193709588356,-4.520961394476606,4900
1566,MTHGN,10,19.903972093278714,-11.53051073100733,4900
1566,MTHGN,100,18.159780170137648,-9.63547504976935,4900
1567,GMAML,10,NA,NA,0
1567,GMAML,100,NA,NA,0
1567,HGN,10,NA,NA,0
1567,HGN,100,NA,NA,0
1567,MTHGN,10,NA,NA,0
1567,MTHGN,100,NA,NA,0
1568,GMAML,10,139.17161650689712,-64.37549201918321,4900
1568,GMAML,100,115.76291554926613,-44.360600347569275,4900
1568,HGN,10,75.79796179876071,-21.913091820869557,4900
1568,HGN,100,71.22805185469245,-12.923641746727053,4900
1568,MTHGN,10,68.90723799887337,-19.920992564426875,4900
1568,MTHGN,100,71.66393595279456,-22.779497004773418,4900
1569,GMAML,10,4.271133547119401,-3.165976906836536,592
1569,GMAML,100,2.515731183848322,1.6122480839370457,592
1569,HGN,10,2.7211376482798224,1.2060489049622765,592
1569,HGN,100,4.281005428030868,-1.5637412533284458,592
1569,MTHGN,10,2.458720518548026,1.252244701768134,592
1569,MTHGN,100,2.4451317240226054,-0.652462259631666,592
1570,GMAML,10,NA,NA,0
1570,GMAML,100,NA,NA,0
1570,HGN,10,NA,NA,0
1570,HGN,100,NA,NA,0
1570,MTHGN,10,NA,NA,0
1570,MTHGN,100,NA,NA,0
1571,GMAML,10,NA,NA,0
1571,GMAML,100,NA,NA,0
1571,HGN,10,NA,NA,0
1571,HGN,100,NA,NA,0
1571,MTHGN,10,NA,NA,0
1571,MTHGN,100,NA,NA,0
1572,GMAML,10,NA,NA,0
1572,GMAML,100,NA,NA,0
1572,HGN,10,NA,NA,0
1572,HGN,100,NA,NA,0
1572,MTHGN,10,NA,NA,0
1572,MTHGN,100,NA,NA,0
1573,GMAML,10,127.33086202457038,-83.21504551108144,4900
1573,GMAML,100,102.05730451578411,-58.516109870219886,4900
1573,HGN,10,55.60663448549964,-19.03871612833099,4900
1573,HGN,100,52.99392707035037,-14.401212670958937,4900
1573,MTHGN,10,50.55148589590876,-17.307923753028177,4900
1573,MTHGN,100,49.99946935244903,-15.916801798012957,4900
1574,GMAML,10,NA,NA,0
1574,GMAML,100,NA,NA,0
1574,HGN,10,NA,NA,0
1574,HGN,100,NA,NA,0
1574,MTHGN,10,NA,NA,0
1574,MTHGN,100,NA,NA,0
1575,GMAML,10,5.167145660712313,-3.733961648033464,565
1575,GMAML,100,2.792477990885427,1.403898863334496,565
1575,HGN,10,4.7604218887907095,3.0627803270104943,565
1575,HGN,100,3.7255290438223474,0.8167463371035574,565
1575,MTHGN,10,3.7287154523653294,2.428785444029589,565
1575,MTHGN,100,3.6103881236856954,2.5067742255788237,565
1576,GMAML,10,NA,NA,0
1576,GMAML,100,NA,NA,0
1576,HGN,10,NA,NA,0
1576,HGN,100,NA,NA,0
1576,MTHGN,10,NA,NA,0
1576,MTHGN,100,NA,NA,0
1577,GMAML,10,NA,NA,0
1577,GMAML,100,NA,NA,0
1577,HGN,10,NA,NA,0
1577,HGN,100,NA,NA,0
1577,MTHGN,10,NA,NA,0
1577,MTHGN,100,NA,NA,0
1578,GMAML,10,122.63762697258807,-54.557746022528974,4900
1578,GMAML,100,102.36424555427675,-38.98028645130872,4900
1578,HGN,10,66.64735238574237,-20.20155257973666,4900
1578,HGN,100,63.30759665535444,-15.006278237564846,4900
1578,MTHGN,10,60.5885021688567,-18.365047799760607,4900
1578,MTHGN,100,63.926371492916346,-22.905354316330094,4900
1579,GMAML,10,NA,NA,0
1579,GMAML,100,NA,NA,0
1579,HGN,10,NA,NA,0
1579,HGN,100,NA,NA,0
1579,MTHGN,10,NA,NA,0
1579,MTHGN,100,NA,NA,0
1580,GMAML,10,NA,NA,0
1580,GMAML,100,NA,NA,0
1580,HGN,10,NA,NA,0
1580,HGN,100,NA,NA,0
1580,MTHGN,10,NA,NA,0
1580,MTHGN,100,NA,NA,0
1581,GMAML,10,NA,NA,0
1581,GMAML,100,NA,NA,0
1581,HGN,10,NA,NA,0
1581,HGN,100,NA,NA,0
1581,MTHGN,10,NA,NA,0
1581,MTHGN,100,NA,NA,0
1582,GMAML,10,NA,NA,0
1582,GMAML,100,NA,NA,0
1582,HGN,10,NA,NA,0
1582,HGN,100,NA,NA,0
1582,MTHGN,10,NA,NA,0
1582,MTHGN,100,NA,NA,0
1583,GMAML,10,NA,NA,0
1583,GMAML,100,NA,NA,0
1583,HGN,10,NA,NA,0
1583,HGN,100,NA,NA,0
1583,MTHGN,10,NA,NA,0
1583,MTHGN,100,NA,NA,0
1584,GMAML,10,4.929931720479661,-3.637287299458334,524
1584,GMAML,100,2.393696691279141,1.0692865778199254,524
1584,HGN,10,2.965787533159105,1.0702194485246408,524
1584,HGN,100,4.12013264913565,-1.9718839812642168,524
1584,MTHGN,10,2.529561687560633,1.3423957770289932,524
1584,MTHGN,100,2.697446688638635,-0.4012702657793648,524
1585,GMAML,10,NA,NA,0
1585,GMAML,100,NA,NA,0
1585,HGN,10,NA,NA,0
1585,HGN,100,NA,NA,0
1585,MTHGN,10,NA,NA,0
1585,MTHGN,100,NA,NA,0
1586,GMAML,10,4.223449087550707,-0.34305645042024546,4900
1586,GMAML,100,3.8722085069221372,-0.39873743102180476,4900
1586,HGN,10,4.793126520517153,1.0315769710865634,4900
1586,HGN,100,4.497388667563314,-0.6441602436612553,4900
1586,MTHGN,10,3.4305044696627087,-0.3011028706533058,4900
1586,MTHGN,100,2.9110472007111,-0.07329370948655028,4900
1587,GMAML,10,4.137540638136359,-0.17227189139898344,4900
1587,GMAML,100,3.80759545898748,-0.308874252707524,4900
1587,HGN,10,5.2307463825118745,0.8752231912421511,4900
1587,HGN,100,6.987183204393319,-1.7989378465391215,4900
1587,MTHGN,10,3.623441133065585,-0.3933740804099587,4900
1587,MTHGN,100,3.8465718659302466,-0.4370362139187577,4900
1588,GMAML,10,3.2156371052549018,-0.45616214372979924,4900
1588,GMAML,100,2.983218681678864,-0.43289939421947976,4900
1588,HGN,10,5.114698962701272,1.9163937968690585,4900
1588,HGN,100,6.562495580097712,1.1818674302206005,4900
1588,MTHGN,10,2.7819822635034788,-0.30232554215725443,4900
1588,MTHGN,100,3.3855405520439152,0.15112045216149358,4900
1589,GMAML,10,NA,NA,0
1589,GMAML,100,NA,NA,0
1589,HGN,10,NA,NA,0
1589,HGN,100,NA,NA,0
1589,MTHGN,10,NA,NA,0
1589,MTHGN,100,NA,NA,0
1590,GMAML,10,9.36929193038763,-1.2973708811891689,4900
1590,GMAML,100,7.965622726224349,-0.6494455166757999,4900
1590,HGN,10,9.824914128939849,1.7806903510705185,4900
1590,HGN,100,10.601894154848647,-2.6528039690445557,4900
1590,MTHGN,10,7.1502563979873,-0.12311297684491081,4900
1590,MTHGN,100,7.359850162679963,-0.4135140040961739,4900
1591,GMAML,10,NA,NA,0
1591,GMAML,100,NA,NA,0
1591,HGN,10,NA,NA,0
1591,HGN,100,NA,NA,0
1591,MTHGN,10,NA,NA,0
1591,MTHGN,100,NA,NA,0
1592,GMAML,10,51.44028396748329,-34.8583598263564,4631
1592,GMAML,100,37.38151902367009,-20.942862180483562,4631
1592,HGN,10,30.57526145079805,-5.387668523386413,4631
1592,HGN,100,39.407475486725374,8.406892687047497,4631
1592,MTHGN,10,28.80060446264717,-4.92638310772948,4631
1592,MTHGN,100,26.700474022885253,-10.40936032287303,4631
1593,GMAML,10,NA,NA,0
1593,GMAML,100,NA,NA,0
1593,HGN,10,NA,NA,0
1593,HGN,100,NA,NA,0
1593,MTHGN,10,NA,NA,0
1593,MTHGN,100,NA,NA,0
1594,GMAML,10,NA,NA,0
1594,GMAML,100,NA,NA,0
1594,HGN,10,NA,NA,0
1594,HGN,100,NA,NA,0
1594,MTHGN,10,NA,NA,0
1594,MTHGN,100,NA,NA,0
1595,GMAML,10,NA,NA,0
1595,GMAML,100,NA,NA,0
1595,HGN,10,NA,NA,0
1595,HGN,100,NA,NA,0
1595,MTHGN,10,NA,NA,0
1595,MTHGN,100,NA,NA,0
1596,GMAML,10,NA,NA,0
1596,GMAML,100,NA,NA,0
1596,HGN,10,NA,NA,0
1596,HGN,100,NA,NA,0
1596,MTHGN,10,NA,NA,0
1596,MTHGN,100,NA,NA,0
1597,GMAML,10,NA,NA,0
1597,GMAML,100,NA,NA,0
1597,HGN,10,NA,NA,0
1597,HGN,100,NA,NA,0
1597,MTHGN,10,NA,NA,0
1597,MTHGN,100,NA,NA,0
1598,GMAML,10,NA,NA,0
1598,GMAML,100,NA,NA,0
1598,HGN,10,NA,NA,0
1598,HGN,100,NA,NA,0
1598,MTHGN,10,NA,NA,0
1598,MTHGN,100,NA,NA,0
1599,GMAML,10,NA,NA,0
1599,GMAML,100,NA,NA,0
1599,HGN,10,NA,NA,0
1599,HGN,100,NA,NA,0
1599,MTHGN,10,NA,NA,0
1599,MTHGN,100,NA,NA,0
1600,GMAML,10,NA,NA,0
1600,GMAML,100,NA,NA,0
1600,HGN,10,NA,NA,0
1600,HGN,100,NA,NA,0
1600,MTHGN,10,NA,NA,0
1600,MTHGN,100,NA,NA,0
1601,GMAML,10,18.228224335198295,-2.022732472342436,4900
1601,GMAML,100,16.230550019340164,-1.2186746753925866,4900
1601,HGN,10,13.536187775025859,-0.057427073313813276,4900
1601,HGN,100,15.222051454996985,-2.886561859720549,4900
1601,MTHGN,10,11.895391866433739,-1.4375986091905395,4900
1601,MTHGN,100,11.200374473042398,-1.308289785624492,4900
1602,GMAML,10,NA,NA,0
1602,GMAML,100,NA,NA,0
1602,HGN,10,NA,NA,0
1602,HGN,100,NA,NA,0
1602,MTHGN,10,NA,NA,0
1602,MTHGN,100,NA,NA,0
1634,GMAML,10,0.19163849472092148,-0.017594285870478395,2540
1634,GMAML,100,0.22272476902148375,0.13155786689414067,2540
1634,HGN,10,2.4060483336749696,-1.6004972374468809,2540
1634,HGN,100,2.64808351736693,0.24879790991382592,2540
1634,MTHGN,10,2.1873166669772446,-1.4549974885880734,2540
1634,MTHGN,100,0.2398187674827526,0.021728294347001537,2540
1635,GMAML,10,NA,NA,0
1635,GMAML,100,NA,NA,0
1635,HGN,10,NA,NA,0
1635,HGN,100,NA,NA,0
1635,MTHGN,10,NA,NA,0
1635,MTHGN,100,NA,NA,0
1636,GMAML,10,2.7630468925046494,-0.272041380751349,4900
1636,GMAML,100,2.5286556908570272,-0.12980352628361286,4900
1636,HGN,10,4.443496030348306,1.1565735723992057,4900
1636,HGN,100,6.537360393444536,-1.5608199328464765,4900
1636,MTHGN,10,2.4517246037234424,0.1960991601882289,4900
1636,MTHGN,100,2.082494365897951,0.14860754979742952,4900
1637,GMAML,10,4.64419489779755,-0.6558002875820718,4899
1637,GMAML,100,4.325185162493192,-0.5584725173832539,4899
1637,HGN,10,5.443796014222648,0.973295252484817,4899
1637,HGN,100,6.715431376389401,-3.355673760541175,4899
1637,MTHGN,10,4.948905467475134,0.8848138658952879,4899
1637,MTHGN,100,3.368988379694111,-0.5227640869488807,4899
1638,GMAML,10,7.372369158635146,-3.071426492844657,4900
1638,GMAML,100,5.523868745418144,-2.246122320314325,4900
1638,HGN,10,6.637687676241004,-3.525567341290002,4900
1638,HGN,100,8.467434373709464,-5.630468559929785,4900
1638,MTHGN,10,6.0342615238554584,-3.205061219354547,4900
1638,MTHGN,100,4.281832329568212,-2.0080344095843135,4900
1639,GMAML,10,NA,NA,0
1639,GMAML,100,NA,NA,0
1639,HGN,10,NA,NA,0
1639,HGN,100,NA,NA,0
1639,MTHGN,10,NA,NA,0
1639,MTHGN,100,NA,NA,0
1640,GMAML,10,4.952740646675094,-0.7855545011023588,4892
1640,GMAML,100,4.147088023773967,-0.30057928537771506,4892
1640,HGN,10,5.472971976990427,0.6844921148881187,4892
1640,HGN,100,8.219812575531202,-1.202436364488773,4892
1640,MTHGN,10,3.9996174719563555,-0.8452427868775313,4892
1640,MTHGN,100,3.3801726747076835,-0.42321458939173306,4892
1641,GMAML,10,12.760339175074291,-3.7466254633771903,4900
1641,GMAML,100,10.472272836123553,-3.1394490418886227,4900
1641,HGN,10,10.953248640566725,-4.0791506019676,4900
1641,HGN,100,11.399809311113192,-6.166249062529833,4900
1641,MTHGN,10,9.957498764151568,-3.708318729061454,4900
1641,MTHGN,100,7.236063966381099,-2.900421417442104,4900
1642,GMAML,10,0.572862301068426,-0.05511230877885343,4893
1642,GMAML,100,0.5060829957690456,0.09832277743595999,4893
1642,HGN,10,2.1110044996328283,-1.615264880374375,4893
1642,HGN,100,1.781751012799587,-0.48065951305135085,4893
1642,MTHGN,10,1.9190949996662077,-1.4684226185221592,4893
1642,MTHGN,100,0.4885726779603706,-0.03708785108406692,4893
1643,GMAML,10,NA,NA,0
1643,GMAML,100,NA,NA,0
1643,HGN,10,NA,NA,0
1643,HGN,100,NA,NA,0
1643,MTHGN,10,NA,NA,0
1643,MTHGN,100,NA,NA,0
1644,GMAML,10,1.7637882933879772,-0.09299779522559659,2529
1644,GMAML,100,1.5423713529403484,-0.010814615975184547,2529
1644,HGN,10,3.7632421108163787,0.9612333610647588,2529
1644,HGN,100,3.674741398984627,-2.0388843778879666,2529
1644,MTHGN,10,1.5206752311995064,0.2112034585710472,2529
1644,MTHGN,100,1.3362567076929455,0.13349211301458516,2529
1645,GMAML,10,7.235385600703891,-0.7914291695410378,4899
1645,GMAML,100,7.0548188870757125,-0.9819633214227156,4899
1645,HGN,10,8.977722328912902,0.7329307699808432,4899
1645,HGN,100,10.566913451759364,-1.9269405789124356,4899
1645,MTHGN,10,8.161565753557182,0.6663006999825841,4899
1645,MTHGN,100,5.486545579119071,-0.5860747413605252,4899
1646,GMAML,10,NA,NA,0
1646,GMAML,100,NA,NA,0
1646,HGN,10,NA,NA,0
1646,HGN,100,NA,NA,0
1646,MTHGN,10,NA,NA,0
1646,MTHGN,100,NA,NA,0
1647,GMAML,10,8.247422571276575,-1.3924167499040914,2374
1647,GMAML,100,7.070439203140597,-1.133518767971939,2374
1647,HGN,10,7.774553961984994,-2.231927869329639,2374
1647,HGN,100,16.783902722889476,4.630481351162631,2374
1647,MTHGN,10,7.067776329077267,-2.029025335754218,2374
1647,MTHGN,100,8.742566705449834,-0.8908290867380051,2374
1648,GMAML,10,NA,NA,0
1648,GMAML,100,NA,NA,0
1648,HGN,10,NA,NA,0
1648,HGN,100,NA,NA,0
1648,MTHGN,10,NA,NA,0
1648,MTHGN,100,NA,NA,0
1649,GMAML,10,NA,NA,0
1649,GMAML,100,NA,NA,0
1649,HGN,10,NA,NA,0
1649,HGN,100,NA,NA,0
1649,MTHGN,10,NA,NA,0
1649,MTHGN,100,NA,NA,0
1650,GMAML,10,NA,NA,0
1650,GMAML,100,NA,NA,0
1650,HGN,10,NA,NA,0
1650,HGN,100,NA,NA,0
1650,MTHGN,10,NA,NA,0
1650,MTHGN,100,NA,NA,0
1651,GMAML,10,3.2187952351393454,-1.4829002104903297,2161
1651,GMAML,100,2.875307246228164,1.914822897869005,2161
1651,HGN,10,4.056897278931846,1.6188206001427574,2161
1651,HGN,100,4.6094917642615165,-0.10260427727861345,2161
1651,MTHGN,10,3.76659775080629,2.032006530324678,2161
1651,MTHGN,100,2.796759780928201,-0.06658826230039969,2161
1652,GMAML,10,NA,NA,0
1652,GMAML,100,NA,NA,0
1652,HGN,10,NA,NA,0
1652,HGN,100,NA,NA,0
1652,MTHGN,10,NA,NA,0
1652,MTHGN,100,NA,NA,0
1653,GMAML,10,19.85696714979234,-3.910858114280575,4900
1653,GMAML,100,17.758139419271085,-4.5938921354821725,4900
1653,HGN,10,12.162415360288927,-1.8658276012251045,4900
1653,HGN,100,11.974914104729823,-0.7762997782310636,4900
1653,MTHGN,10,11.056741236626298,-1.6962069102046415,4900
1653,MTHGN,100,9.567502499226197,-2.7376948424098417,4900
1654,GMAML,10,4.443699308887589,-0.32250114354124887,4900
1654,GMAML,100,4.004671436423094,-0.3893164773846475,4900
1654,HGN,10,3.9155797672396604,-0.5559333038153556,4900
1654,HGN,100,7.2358943313316,-2.3361839795704107,4900
1654,MTHGN,10,2.9987365356077555,0.048894315339319636,4900
1654,MTHGN,100,2.587525178395041,-0.23241236133067697,4900
1655,GMAML,10,NA,NA,0
1655,GMAML,100,NA,NA,0
1655,HGN,10,NA,NA,0
1655,HGN,100,NA,NA,0
1655,MTHGN,10,NA,NA,0
1655,MTHGN,100,NA,NA,0
1656,GMAML,10,NA,NA,0
1656,GMAML,100,NA,NA,0
1656,HGN,10,NA,NA,0
1656,HGN,100,NA,NA,0
1656,MTHGN,10,NA,NA,0
1656,MTHGN,100,NA,NA,0
1657,GMAML,10,NA,NA,0
1657,GMAML,100,NA,NA,0
1657,HGN,10,NA,NA,0
1657,HGN,100,NA,NA,0
1657,MTHGN,10,NA,NA,0
1657,MTHGN,100,NA,NA,0
1658,GMAML,10,213.21167267875362,-111.47561378292576,4898
1658,GMAML,100,179.44255281508387,-80.15195163990072,4898
1658,HGN,10,112.52530291922761,-26.719862095980638,4898
1658,HGN,100,104.085978232936,-11.633644482677855,4898
1658,MTHGN,10,102.29572992657056,-24.29078372361877,4898
1658,MTHGN,100,101.44347630789188,-28.50596322110666,4898
1659,GMAML,10,244.9284331410999,-136.54639878491892,4900
1659,GMAML,100,206.26328835237857,-99.39509927799993,4900
1659,HGN,10,130.20846597525892,-31.416119344681363,4900
1659,HGN,100,118.8414796696726,-15.945475394694169,4900
1659,MTHGN,10,118.37133270478085,-28.560108495164886,4900
1659,MTHGN,100,117.07001674410142,-33.72675040548431,4900
1660,GMAML,10,NA,NA,0
1660,GMAML,100,NA,NA,0
1660,HGN,10,NA,NA,0
1660,HGN,100,NA,NA,0
1660,MTHGN,10,NA,NA,0
1660,MTHGN,100,NA,NA,0
1661,GMAML,10,NA,NA,0
1661,GMAML,100,NA,NA,0
1661,HGN,10,NA,NA,0
1661,HGN,100,NA,NA,0
1661,MTHGN,10,NA,NA,0
1661,MTHGN,100,NA,NA,0
1662,GMAML,10,NA,NA,0
1662,GMAML,100,NA,NA,0
1662,HGN,10,NA,NA,0
1662,HGN,100,NA,NA,0
1662,MTHGN,10,NA,NA,0
1662,MTHGN,100,NA,NA,0
1663,GMAML,10,NA,NA,0
1663,GMAML,100,NA,NA,0
1663,HGN,10,NA,NA,0
1663,HGN,100,NA,NA,0
1663,MTHGN,10,NA,NA,0
1663,MTHGN,100,NA,NA,0
1664,GMAML,10,NA,NA,0
1664,GMAML,100,NA,NA,0
1664,HGN,10,NA,NA,0
1664,HGN,100,NA,NA,0
1664,MTHGN,10,NA,NA,0
1664,MTHGN,100,NA,NA,0
1665,GMAML,10,0.6197376839799755,-0.009579772076906374,4900
1665,GMAML,100,0.5591920907552042,0.17602255306086165,4900
1665,HGN,10,1.6076725758062447,0.11976739944257747,4900
1665,HGN,100,3.4412271732775954,1.2919962390102944,4900
1665,MTHGN,10,0.7097633318078502,-0.2574431700121343,4900
1665,MTHGN,100,0.5308543668595973,0.07924347541782724,4900
1666,GMAML,10,4.113388435577164,-0.7202552601872484,4900
1666,GMAML,100,3.768375187024036,-0.7613224298929525,4900
1666,HGN,10,5.092926772718512,0.8954576082052192,4900
1666,HGN,100,5.4364282743589385,-0.7320119821854844,4900
1666,MTHGN,10,3.178944431218703,-0.5015407109819957,4900
1666,MTHGN,100,2.8110997971329144,-0.6872883461032439,4900
1667,GMAML,10,6.193511134822291,-1.287523698037364,4900
1667,GMAML,100,5.232229260808346,-1.1511167227906625,4900
1667,HGN,10,5.647773368576715,-0.7395419448668737,4900
1667,HGN,100,10.49181273959118,0.46429455189792207,4900
1667,MTHGN,10,4.243473866901736,-0.8027876328741801,4900
1667,MTHGN,100,3.651154358340253,-0.15848193930616455,4900
1668,GMAML,10,NA,NA,0
1668,GMAML,100,NA,NA,0
1668,HGN,10,NA,NA,0
1668,HGN,100,NA,NA,0
1668,MTHGN,10,NA,NA,0
1668,MTHGN,100,NA,NA,0
1669,GMAML,10,NA,NA,0
1669,GMAML,100,NA,NA,0
1669,HGN,10,NA,NA,0
1669,HGN,100,NA,NA,0
1669,MTHGN,10,NA,NA,0
1669,MTHGN,100,NA,NA,0
1670,GMAML,10,NA,NA,0
1670,GMAML,100,NA,NA,0
1670,HGN,10,NA,NA,0
1670,HGN,100,NA,NA,0
1670,MTHGN,10,NA,NA,0
1670,MTHGN,100,NA,NA,0
1671,GMAML,10,NA,NA,0
1671,GMAML,100,NA,NA,0
1671,HGN,10,NA,NA,0
1671,HGN,100,NA,NA,0
1671,MTHGN,10,NA,NA,0
1671,MTHGN,100,NA,NA,0
1672,GMAML,10,2.0743532305157957,-0.2535836496668788,4900
1672,GMAML,100,1.821137853661958,0.1603249123300512,4900
1672,HGN,10,4.048489335197865,1.2711023224167093,4900
1672,HGN,100,3.6416422625456315,0.4271129303596145,4900
1672,MTHGN,10,2.3693990263677773,-0.4078754947589681,4900
1672,MTHGN,100,1.7218461969874708,-0.08687309858412855,4900
1673,GMAML,10,NA,NA,0
1673,GMAML,100,NA,NA,0
1673,HGN,10,NA,NA,0
1673,HGN,100,NA,NA,0
1673,MTHGN,10,NA,NA,0
1673,MTHGN,100,NA,NA,0
1674,GMAML,10,NA,NA,0
1674,GMAML,100,NA,NA,0
1674,HGN,10,NA,NA,0
1674,HGN,100,NA,NA,0
1674,MTHGN,10,NA,NA,0
1674,MTHGN,100,NA,NA,0
1675,GMAML,10,NA,NA,0
1675,GMAML,100,NA,NA,0
1675,HGN,10,NA,NA,0
1675,HGN,100,NA,NA,0
1675,MTHGN,10,NA,NA,0
1675,MTHGN,100,NA,NA,0
1676,GMAML,10,16.926499743224873,-2.9544073234387263,4900
1676,GMAML,100,14.109236515640859,-1.396140278643443,4900
1676,HGN,10,11.012899113641854,-0.7064653160734508,4900
1676,HGN,100,12.359198369835534,-1.8976406217034498,4900
1676,MTHGN,10,10.14212909507682,-1.8260917053343815,4900
1676,MTHGN,100,9.50616945252942,-1.185508307332847,4900
1677,GMAML,10,NA,NA,0
1677,GMAML,100,NA,NA,0
1677,HGN,10,NA,NA,0
1677,HGN,100,NA,NA,0
1677,MTHGN,10,NA,NA,0
1677,MTHGN,100,NA,NA,0
1678,GMAML,10,NA,NA,0
1678,GMAML,100,NA,NA,0
1678,HGN,10,NA,NA,0
1678,HGN,100,NA,NA,0
1678,MTHGN,10,NA,NA,0
1678,MTHGN,100,NA,NA,0
1679,GMAML,10,NA,NA,0
1679,GMAML,100,NA,NA,0
1679,HGN,10,NA,NA,0
1679,HGN,100,NA,NA,0
1679,MTHGN,10,NA,NA,0
1679,MTHGN,100,NA,NA,0
1680,GMAML,10,NA,NA,0
1680,GMAML,100,NA,NA,0
1680,HGN,10,NA,NA,0
1680,HGN,100,NA,NA,0
1680,MTHGN,10,NA,NA,0
1680,MTHGN,100,NA,NA,0
1681,GMAML,10,NA,NA,0
1681,GMAML,100,NA,NA,0
1681,HGN,10,NA,NA,0
1681,HGN,100,NA,NA,0
1681,MTHGN,10,NA,NA,0
1681,MTHGN,100,NA,NA,0
1682,GMAML,10,NA,NA,0
1682,GMAML,100,NA,NA,0
1682,HGN,10,NA,NA,0
1682,HGN,100,NA,NA,0
1682,MTHGN,10,NA,NA,0
1682,MTHGN,100,NA,NA,0
1683,GMAML,10,5.459573865811606,-0.7513924180962548,4900
1683,GMAML,100,4.727185259398555,-0.35599233162314187,4900
1683,HGN,10,5.311861849651569,-1.26087184694348,4900
1683,HGN,100,7.714956882795631,0.957866667281281,4900
1683,MTHGN,10,3.8642538167098923,0.1666646051805007,4900
1683,MTHGN,100,3.441131764221102,-0.3599175008064253,4900
1684,GMAML,10,7.549901873933701,-1.1673502089866101,4900
1684,GMAML,100,6.321537992359913,-0.6576833113335302,4900
1684,HGN,10,7.048687868326265,-0.639450925544648,4900
1684,HGN,100,10.56928736874318,0.47404511065135646,4900
1684,MTHGN,10,4.748177723988949,-0.6576701849067166,4900
1684,MTHGN,100,6.289650622292826,-0.11282856666075489,4900
1685,GMAML,10,NA,NA,0
1685,GMAML,100,NA,NA,0
1685,HGN,10,NA,NA,0
1685,HGN,100,NA,NA,0
1685,MTHGN,10,NA,NA,0
1685,MTHGN,100,NA,NA,0
1686,GMAML,10,NA,NA,0
1686,GMAML,100,NA,NA,0
1686,HGN,10,NA,NA,0
1686,HGN,100,NA,NA,0
1686,MTHGN,10,NA,NA,0
1686,MTHGN,100,NA,NA,0
1687,GMAML,10,1.0157023958596356,-0.20329472311764432,4900
1687,GMAML,100,0.9078249052554607,-0.3530872080109787,4900
1687,HGN,10,3.199504957731504,-0.57557143951112,4900
1687,HGN,100,3.36642472760927,-0.3680599821845109,4900
1687,MTHGN,10,1.1499102144845548,-0.24207793956048498,4900
1687,MTHGN,100,0.7516350567357584,0.03199711351830268,4900
1688,GMAML,10,NA,NA,0
1688,GMAML,100,NA,NA,0
1688,HGN,10,NA,NA,0
1688,HGN,100,NA,NA,0
1688,MTHGN,10,NA,NA,0
1688,MTHGN,100,NA,NA,0
1689,GMAML,10,NA,NA,0
1689,GMAML,100,NA,NA,0
1689,HGN,10,NA,NA,0
1689,HGN,100,NA,NA,0
1689,MTHGN,10,NA,NA,0
1689,MTHGN,100,NA,NA,0
1690,GMAML,10,NA,NA,0
1690,GMAML,100,NA,NA,0
1690,HGN,10,NA,NA,0
1690,HGN,100,NA,NA,0
1690,MTHGN,10,NA,NA,0
1690,MTHGN,100,NA,NA,0
1691,GMAML,10,NA,NA,0
1691,GMAML,100,NA,NA,0
1691,HGN,10,NA,NA,0
1691,HGN,100,NA,NA,0
1691,MTHGN,10,NA,NA,0
1691,MTHGN,100,NA,NA,0
1692,GMAML,10,NA,NA,0
1692,GMAML,100,NA,NA,0
1692,HGN,10,NA,NA,0
1692,HGN,100,NA,NA,0
1692,MTHGN,10,NA,NA,0
1692,MTHGN,100,NA,NA,0
1693,GMAML,10,NA,NA,0
1693,GMAML,100,NA,NA,0
1693,HGN,10,NA,NA,0
1693,HGN,100,NA,NA,0
1693,MTHGN,10,NA,NA,0
1693,MTHGN,100,NA,NA,0
1694,GMAML,10,NA,NA,0
1694,GMAML,100,NA,NA,0
1694,HGN,10,NA,NA,0
1694,HGN,100,NA,NA,0
1694,MTHGN,10,NA,NA,0
1694,MTHGN,100,NA,NA,0
1695,GMAML,10,17.238036709023234,-2.789507914810135,4900
1695,GMAML,100,14.473511820970296,-1.1661494545983953,4900
1695,HGN,10,19.241633411848703,-0.4577598091089996,4900
1695,HGN,100,20.602764855441283,5.0821745902714754,4900
1695,MTHGN,10,14.633458087552276,-2.413836003999192,4900
1695,MTHGN,100,13.362167392720567,-1.7672550079723939,4900
1696,GMAML,10,NA,NA,0
1696,GMAML,100,NA,NA,0
1696,HGN,10,NA,NA,0
1696,HGN,100,NA,NA,0
1696,MTHGN,10,NA,NA,0
1696,MTHGN,100,NA,NA,0
1697,GMAML,10,4.656750821075881,-0.9881558803152057,4900
1697,GMAML,100,4.401761548807145,-1.494480269815793,4900
1697,HGN,10,6.593901710381128,0.8531718293669281,4900
1697,HGN,100,7.445060716579997,-0.522279558069188,4900
1697,MTHGN,10,5.99445610034648,0.7756107539699342,4900
1697,MTHGN,100,3.8096481782515053,-0.7804433525672424,4900
1698,GMAML,10,NA,NA,0
1698,GMAML,100,NA,NA,0
1698,HGN,10,NA,NA,0
1698,HGN,100,NA,NA,0
1698,MTHGN,10,NA,NA,0
1698,MTHGN,100,NA,NA,0
1699,GMAML,10,3.4524208529832126,-0.26751447033071535,4900
1699,GMAML,100,3.188909680683538,-0.41080558300940173,4900
1699,HGN,10,3.4471655937490744,-0.9088066814205308,4900
1699,HGN,100,6.9768719915726045,-2.076647789961925,4900
1699,MTHGN,10,2.533290280908548,0.24535828459314124,4900
1699,MTHGN,100,2.2953672320976533,0.005188453103111139,4900
1700,GMAML,10,NA,NA,0
1700,GMAML,100,NA,NA,0
1700,HGN,10,NA,NA,0
1700,HGN,100,NA,NA,0
1700,MTHGN,10,NA,NA,0
1700,MTHGN,100,NA,NA,0
1701,GMAML,10,4.147025137872651,-1.1506996928809283,4900
1701,GMAML,100,3.5147482080329655,-0.8314081912749034,4900
1701,HGN,10,4.845228645624302,1.165659625331659,4900
1701,HGN,100,5.981543988663023,-0.940711010536649,4900
1701,MTHGN,10,2.952539896362714,-0.24527324074413107,4900
1701,MTHGN,100,2.763315723410958,-0.3500448781741275,4900
1702,GMAML,10,1.0627753893553693,0.9437744323883099,139
1702,GMAML,100,1.5585983315134087,1.1922226417354673,139
1702,HGN,10,4.370558555580652,3.037486635667984,139
1702,HGN,100,10.607002640177967,-8.486490079693843e-4,139
1702,MTHGN,10,1.2454732199942609,1.0256554216307834,139
1702,MTHGN,100,1.037683747682685,0.8778660633956917,139
1703,GMAML,10,2.2680188709041413,-0.41045842403641364,4900
1703,GMAML,100,2.0457741451568046,-0.45298591382853715,4900
1703,HGN,10,3.597067350155103,0.21039190230826135,4900
1703,HGN,100,4.074561417584301,-0.18396385650449745,4900
1703,MTHGN,10,1.9460413049419274,0.06152298177787362,4900
1703,MTHGN,100,1.4299330273303088,-0.08841123084836951,4900
1704,GMAML,10,NA,NA,0
1704,GMAML,100,NA,NA,0
1704,HGN,10,NA,NA,0
1704,HGN,100,NA,NA,0
1704,MTHGN,10,NA,NA,0
1704,MTHGN,100,NA,NA,0
1705,GMAML,10,4.173720566860273,-0.3527377862636638,4900
1705,GMAML,100,3.394903794345441,-0.18912674511502872,4900
1705,HGN,10,5.51108773952511,-0.0806152801207848,4900
1705,HGN,100,12.438340788352052,-2.0986856091562793,4900
1705,MTHGN,10,3.756359968192221,0.11821039328232433,4900
1705,MTHGN,100,2.7815444520505204,-0.36864844096487553,4900
1706,GMAML,10,4.860428001096876,-0.5195840225060308,4900
1706,GMAML,100,4.437878695617802,-0.35051073349682726,4900
1706,HGN,10,3.958101244661247,-0.17545461295441028,4900
1706,HGN,100,8.04107301949173,-2.9717967509414964,4900
1706,MTHGN,10,3.6554989968613847,0.07954962855268422,4900
1706,MTHGN,100,3.2518734060518875,0.041696470886419465,4900
1707,GMAML,10,3.549898879907764,-0.5999856485421451,4900
1707,GMAML,100,3.19166807286034,-0.48704661095970775,4900
1707,HGN,10,4.096402487290573,0.8937517102821859,4900
1707,HGN,100,7.972418949397767,-2.3223632387030007,4900
1707,MTHGN,10,2.638587820451543,-0.05022365538783248,4900
1707,MTHGN,100,2.5051198913759065,-0.04852244501553048,4900
1708,GMAML,10,1.788742928167062,-0.4575228136782795,4900
1708,GMAML,100,1.5611250782792496,-0.4476853001675097,4900
1708,HGN,10,3.283176247322204,0.5303252889174537,4900
1708,HGN,100,6.491753370161012,-1.5454630934472255,4900
1708,MTHGN,10,1.613134103373815,-0.3312298837983148,4900
1708,MTHGN,100,1.2748577641319456,-0.3627056986955017,4900
1709,GMAML,10,NA,NA,0
1709,GMAML,100,NA,NA,0
1709,HGN,10,NA,NA,0
1709,HGN,100,NA,NA,0
1709,MTHGN,10,NA,NA,0
1709,MTHGN,100,NA,NA,0
1710,GMAML,10,NA,NA,0
1710,GMAML,100,NA,NA,0
1710,HGN,10,NA,NA,0
1710,HGN,100,NA,NA,0
1710,MTHGN,10,NA,NA,0
1710,MTHGN,100,NA,NA,0
1711,GMAML,10,NA,NA,0
1711,GMAML,100,NA,NA,0
1711,HGN,10,NA,NA,0
1711,HGN,100,NA,NA,0
1711,MTHGN,10,NA,NA,0
1711,MTHGN,100,NA,NA,0
1712,GMAML,10,35.09697555088456,-9.830305595508825,4900
1712,GMAML,100,27.53611070685538,-4.811777259329421,4900
1712,HGN,10,22.747572466006396,-4.215180280144298,4900
1712,HGN,100,25.69465056042635,-4.975244150890657,4900
1712,MTHGN,10,20.242019240603252,-4.969871416042323,4900
1712,MTHGN,100,18.421869927090814,0.046073011915017066,4900
1713,GMAML,10,NA,NA,0
1713,GMAML,100,NA,NA,0
1713,HGN,10,NA,NA,0
1713,HGN,100,NA,NA,0
1713,MTHGN,10,NA,NA,0
1713,MTHGN,100,NA,NA,0
1714,GMAML,10,NA,NA,0
1714,GMAML,100,NA,NA,0
1714,HGN,10,NA,NA,0
1714,HGN,100,NA,NA,0
1714,MTHGN,10,NA,NA,0
1714,MTHGN,100,NA,NA,0
1715,GMAML,10,53.969409405256656,-19.86362527009417,4900
1715,GMAML,100,41.52072328162464,-8.991132416557052,4900
1715,HGN,10,29.77823242071855,0.46390880850385735,4900
1715,HGN,100,30.15103681677432,-1.5082556862999017,4900
1715,MTHGN,10,27.071120382471406,0.4217352804580477,4900
1715,MTHGN,100,23.793199932145253,-2.781412644315499,4900
1716,GMAML,10,NA,NA,0
1716,GMAML,100,NA,NA,0
1716,HGN,10,NA,NA,0
1716,HGN,100,NA,NA,0
1716,MTHGN,10,NA,NA,0
1716,MTHGN,100,NA,NA,0
1717,GMAML,10,NA,NA,0
1717,GMAML,100,NA,NA,0
1717,HGN,10,NA,NA,0
1717,HGN,100,NA,NA,0
1717,MTHGN,10,NA,NA,0
1717,MTHGN,100,NA,NA,0
1718,GMAML,10,102.76058051619991,-65.10657381615015,548
1718,GMAML,100,77.48854323370051,-37.43879278831352,548
1718,HGN,10,45.598526948287905,0.43712314894214394,548
1718,HGN,100,42.738000677157295,1.55276094289478,548
1718,MTHGN,10,41.45320631662537,0.3973846808564863,548
1718,MTHGN,100,41.55012790446356,2.1869218861697304,548
1719,GMAML,10,78.08842571321296,-35.973737854451116,4900
1719,GMAML,100,61.026790188105274,-19.491732403979505,4900
1719,HGN,10,35.47390326760189,-4.990795381798602,4900
1719,HGN,100,35.28470114161358,-4.265615255093583,4900
1719,MTHGN,10,32.249002970547174,-4.537086710726007,4900
1719,MTHGN,100,29.90094391496666,-3.1731886418892503,4900
1720,GMAML,10,NA,NA,0
1720,GMAML,100,NA,NA,0
1720,HGN,10,NA,NA,0
1720,HGN,100,NA,NA,0
1720,MTHGN,10,NA,NA,0
1720,MTHGN,100,NA,NA,0
1721,GMAML,10,NA,NA,0
1721,GMAML,100,NA,NA,0
1721,HGN,10,NA,NA,0
1721,HGN,100,NA,NA,0
1721,MTHGN,10,NA,NA,0
1721,MTHGN,100,NA,NA,0
1722,GMAML,10,NA,NA,0
1722,GMAML,100,NA,NA,0
1722,HGN,10,NA,NA,0
1722,HGN,100,NA,NA,0
1722,MTHGN,10,NA,NA,0
1722,MTHGN,100,NA,NA,0
1723,GMAML,10,NA,NA,0
1723,GMAML,100,NA,NA,0
1723,HGN,10,NA,NA,0
1723,HGN,100,NA,NA,0
1723,MTHGN,10,NA,NA,0
1723,MTHGN,100,NA,NA,0
1724,GMAML,10,NA,NA,0
1724,GMAML,100,NA,NA,0
1724,HGN,10,NA,NA,0
1724,HGN,100,NA,NA,0
1724,MTHGN,10,NA,NA,0
1724,MTHGN,100,NA,NA,0
1762,GMAML,10,19.813090763971996,-2.8880078588860125,4792
1762,GMAML,100,17.72394147510627,-1.3899594448207109,4792
1762,HGN,10,14.429599882698362,-2.0147656927346,4792
1762,HGN,100,13.574355222556296,-3.361515438129915,4792
1762,MTHGN,10,12.266558658215171,-1.1003888500265457,4792
1762,MTHGN,100,11.279779246104763,-1.3307048037684313,4792
1763,GMAML,10,NA,NA,0
1763,GMAML,100,NA,NA,0
1763,HGN,10,NA,NA,0
1763,HGN,100,NA,NA,0
1763,MTHGN,10,NA,NA,0
1763,MTHGN,100,NA,NA,0
1764,GMAML,10,NA,NA,0
1764,GMAML,100,NA,NA,0
1764,HGN,10,NA,NA,0
1764,HGN,100,NA,NA,0
1764,MTHGN,10,NA,NA,0
1764,MTHGN,100,NA,NA,0
1765,GMAML,10,4.534307280044567,-0.025991866183512905,4900
1765,GMAML,100,3.9793212288880766,-0.08350847463659866,4900
1765,HGN,10,3.4133087426144884,-0.8728735422625721,4900
1765,HGN,100,4.621453747034422,-1.9995191785554838,4900
1765,MTHGN,10,2.678565287626358,0.20046448578198572,4900
1765,MTHGN,100,2.5649090846943574,-0.3453200917628689,4900
1766,GMAML,10,NA,NA,0
1766,GMAML,100,NA,NA,0
1766,HGN,10,NA,NA,0
1766,HGN,100,NA,NA,0
1766,MTHGN,10,NA,NA,0
1766,MTHGN,100,NA,NA,0
1767,GMAML,10,NA,NA,0
1767,GMAML,100,NA,NA,0
1767,HGN,10,NA,NA,0
1767,HGN,100,NA,NA,0
1767,MTHGN,10,NA,NA,0
1767,MTHGN,100,NA,NA,0
1768,GMAML,10,1.3281826586068846,-0.5693350738241977,4900
1768,GMAML,100,1.119600032614908,-0.4499777000631616,4900
1768,HGN,10,1.6487889137176466,-0.5811373726303491,4900
1768,HGN,100,3.6126318060789013,-2.005339836968452,4900
1768,MTHGN,10,1.1556336656971644,-0.44322024500248497,4900
1768,MTHGN,100,0.8701827819228946,-0.26624309928198364,4900
1769,GMAML,10,2.6039128955882167,-0.056113145600182636,4900
1769,GMAML,100,2.1080888473000607,-0.019232425578850375,4900
1769,HGN,10,2.399149509718171,1.2209362179287089,4900
1769,HGN,100,3.343946250415733,-1.3851885792781804,4900
1769,MTHGN,10,1.7696472031901145,-0.11973036387608317,4900
1769,MTHGN,100,1.562853751594437,0.2470544152249188,4900
1770,GMAML,10,NA,NA,0
1770,GMAML,100,NA,NA,0
1770,HGN,10,NA,NA,0
1770,HGN,100,NA,NA,0
1770,MTHGN,10,NA,NA,0
1770,MTHGN,100,NA,NA,0
1771,GMAML,10,3.29187658288645,-0.09262884238005406,4900
1771,GMAML,100,2.8960292641717786,-0.17119283816236736,4900
1771,HGN,10,2.8121272926297407,-0.20330976388140107,4900
1771,HGN,100,4.187220373409943,-1.5081912683974126,4900
1771,MTHGN,10,2.6604899259931747,0.20119742792279022,4900
1771,MTHGN,100,2.4821033516772277,-0.31573768800819524,4900
1772,GMAML,10,7.97894213044513,-0.5557356040014098,4900
1772,GMAML,100,7.238348467915051,-0.44433882979369554,4900
1772,HGN,10,6.321207544661217,-0.6284246658207004,4900
1772,HGN,100,8.52347855154047,-3.233278697956785,4900
1772,MTHGN,10,5.253384693676882,0.11445933526004186,4900
1772,MTHGN,100,4.965309809020719,0.03474814015119998,4900
1773,GMAML,10,NA,NA,0
1773,GMAML,100,NA,NA,0
1773,HGN,10,NA,NA,0
1773,HGN,100,NA,NA,0
1773,MTHGN,10,NA,NA,0
1773,MTHGN,100,NA,NA,0
1774,GMAML,10,17.661273494995847,-10.929282320190058,547
1774,GMAML,100,11.097311145443879,-1.450774219129677,547
1774,HGN,10,10.75912364801555,0.5650749804885759,547
1774,HGN,100,8.68047949731468,-0.507331126954345,547
1774,MTHGN,10,9.908688816141282,2.6714202536592158,547
1774,MTHGN,100,10.823911208758377,2.738955919056232,547
1775,GMAML,10,NA,NA,0
1775,GMAML,100,NA,NA,0
1775,HGN,10,NA,NA,0
1775,HGN,100,NA,NA,0
1775,MTHGN,10,NA,NA,0
1775,MTHGN,100,NA,NA,0
1776,GMAML,10,NA,NA,0
1776,GMAML,100,NA,NA,0
1776,HGN,10,NA,NA,0
1776,HGN,100,NA,NA,0
1776,MTHGN,10,NA,NA,0
1776,MTHGN,100,NA,NA,0
1777,GMAML,10,2.4052514541982397,-0.03833331101899481,4898
1777,GMAML,100,2.2103675949658657,-0.044192634267697074,4898
1777,HGN,10,2.6325064268802825,0.008140901598685118,4898
1777,HGN,100,4.654490971118414,-0.5229712520885673,4898
1777,MTHGN,10,2.53844516358106,0.2820935861526298,4898
1777,MTHGN,100,1.885095556733665,-0.018008000528407495,4898
1778,GMAML,10,NA,NA,0
1778,GMAML,100,NA,NA,0
1778,HGN,10,NA,NA,0
1778,HGN,100,NA,NA,0
1778,MTHGN,10,NA,NA,0
1778,MTHGN,100,NA,NA,0
1779,GMAML,10,NA,NA,0
1779,GMAML,100,NA,NA,0
1779,HGN,10,NA,NA,0
1779,HGN,100,NA,NA,0
1779,MTHGN,10,NA,NA,0
1779,MTHGN,100,NA,NA,0
1780,GMAML,10,NA,NA,0
1780,GMAML,100,NA,NA,0
1780,HGN,10,NA,NA,0
1780,HGN,100,NA,NA,0
1780,MTHGN,10,NA,NA,0
1780,MTHGN,100,NA,NA,0
1781,GMAML,10,39.05373466887722,-28.738306877462033,166
1781,GMAML,100,28.02298700376153,-14.255747366001518,166
1781,HGN,10,30.807350496860884,-14.075738053089564,166
1781,HGN,100,29.04751987056059,-15.333364439635103,166
1781,MTHGN,10,28.087381345520033,-13.483609485676201,166
1781,MTHGN,100,30.27788945936424,-17.819699935503465,166
1782,GMAML,10,NA,NA,0
1782,GMAML,100,NA,NA,0
1782,HGN,10,NA,NA,0
1782,HGN,100,NA,NA,0
1782,MTHGN,10,NA,NA,0
1782,MTHGN,100,NA,NA,0
1783,GMAML,10,3.12195091011709,-0.32100054711406006,4566
1783,GMAML,100,2.7623159506695343,0.31221181110553614,4566
1783,HGN,10,3.222743451161831,-0.09729505744099695,4566
1783,HGN,100,6.8838067725036165,-1.3566396658387452,4566
1783,MTHGN,10,3.1194113669426757,1.105818740426654,4566
1783,MTHGN,100,2.6855162953858436,0.8582548601127857,4566
1784,GMAML,10,2.3788156812996863,0.020412050744774795,4900
1784,GMAML,100,2.0915536002555837,0.07291728990203404,4900
1784,HGN,10,2.292616622186623,-0.30661353706029687,4900
1784,HGN,100,3.3467696220560565,-0.9918295952577602,4900
1784,MTHGN,10,1.9659087083314981,0.5461017251662225,4900
1784,MTHGN,100,1.7789463194239656,0.15922325904665086,4900
1785,GMAML,10,NA,NA,0
1785,GMAML,100,NA,NA,0
1785,HGN,10,NA,NA,0
1785,HGN,100,NA,NA,0
1785,MTHGN,10,NA,NA,0
1785,MTHGN,100,NA,NA,0
1786,GMAML,10,5.438042761012656,-0.3923338323291108,4900
1786,GMAML,100,4.962998879607615,-0.24303181745631203,4900
1786,HGN,10,4.758599389164257,-0.10228879960406854,4900
1786,HGN,100,7.147179283658984,-2.033251215864832,4900
1786,MTHGN,10,4.0667032104918315,-0.07554792753350827,4900
1786,MTHGN,100,3.8145517283990977,-0.10874986666868992,4900
1787,GMAML,10,NA,NA,0
1787,GMAML,100,NA,NA,0
1787,HGN,10,NA,NA,0
1787,HGN,100,NA,NA,0
1787,MTHGN,10,NA,NA,0
1787,MTHGN,100,NA,NA,0
1788,GMAML,10,NA,NA,0
1788,GMAML,100,NA,NA,0
1788,HGN,10,NA,NA,0
1788,HGN,100,NA,NA,0
1788,MTHGN,10,NA,NA,0
1788,MTHGN,100,NA,NA,0
1789,GMAML,10,NA,NA,0
1789,GMAML,100,NA,NA,0
1789,HGN,10,NA,NA,0
1789,HGN,100,NA,NA,0
1789,MTHGN,10,NA,NA,0
1789,MTHGN,100,NA,NA,0
1790,GMAML,10,2.7533904866866843,-0.24360542137629218,4900
1790,GMAML,100,2.136499006972937,-0.17698202881150948,4900
1790,HGN,10,2.926027346156382,-0.9071074468102414,4900
1790,HGN,100,7.465782330056822,-3.112714372312484,4900
1790,MTHGN,10,2.0342887522787754,-0.2819610377221168,4900
1790,MTHGN,100,2.5574882020487952,0.062420046525394464,4900
1791,GMAML,10,NA,NA,0
1791,GMAML,100,NA,NA,0
1791,HGN,10,NA,NA,0
1791,HGN,100,NA,NA,0
1791,MTHGN,10,NA,NA,0
1791,MTHGN,100,NA,NA,0
1792,GMAML,10,2.8701311090344652,-0.12558424883217595,4900
1792,GMAML,100,2.2593280938028784,-0.07631927505263077,4900
1792,HGN,10,4.417576631638204,-0.25773988565608313,4900
1792,HGN,100,6.573400724098767,-1.1532276637256735,4900
1792,MTHGN,10,2.4045568896212437,-0.03076741306580875,4900
1792,MTHGN,100,1.7282114314867718,-0.21414607077660425,4900
1793,GMAML,10,2.0896729099801283,-0.45463972386503915,4899
1793,GMAML,100,1.570123188020485,-0.42482421464399134,4899
1793,HGN,10,2.8426455816662752,-0.6143495535787831,4899
1793,HGN,100,5.068846130608513,-1.8980738607959746,4899
1793,MTHGN,10,1.7481015295453053,0.17790586644664572,4899
1793,MTHGN,100,1.3264591252998186,-0.2991579199309428,4899
1794,GMAML,10,0.03634657209551276,-0.01289169951004926,4900
1794,GMAML,100,0.30290522963436217,0.0833868654734296,4900
1794,HGN,10,1.3440324957958012,0.46182352024452444,4900
1794,HGN,100,1.9700500986515839,-0.8430151488806242,4900
1794,MTHGN,10,0.3946512542321691,0.047194368111750144,4900
1794,MTHGN,100,0.19254241866749838,0.026726053493269696,4900
1795,GMAML,10,NA,NA,0
1795,GMAML,100,NA,NA,0
1795,HGN,10,NA,NA,0
1795,HGN,100,NA,NA,0
1795,MTHGN,10,NA,NA,0
1795,MTHGN,100,NA,NA,0
1796,GMAML,10,NA,NA,0
1796,GMAML,100,NA,NA,0
1796,HGN,10,NA,NA,0
1796,HGN,100,NA,NA,0
1796,MTHGN,10,NA,NA,0
1796,MTHGN,100,NA,NA,0
1797,GMAML,10,NA,NA,0
1797,GMAML,100,NA,NA,0
1797,HGN,10,NA,NA,0
1797,HGN,100,NA,NA,0
1797,MTHGN,10,NA,NA,0
1797,MTHGN,100,NA,NA,0
1798,GMAML,10,1.3660137459016541,-0.07334852606512472,4900
1798,GMAML,100,1.1179901619559074,-0.03687711158603285,4900
1798,HGN,10,1.41959258086708,-0.08740040258027479,4900
1798,HGN,100,2.476073604568794,-1.2639725019009913,4900
1798,MTHGN,10,0.9732914586762995,0.0697189919313438,4900
1798,MTHGN,100,1.04587202425724,-0.019204477145007448,4900
1799,GMAML,10,2.360446267063976,-0.0951626030915941,4900
1799,GMAML,100,2.1183403432988444,-0.15948734865538847,4900
1799,HGN,10,2.2081618173727753,-0.5543682625656313,4900
1799,HGN,100,4.457849849201003,-1.5529705741031794,4900
1799,MTHGN,10,2.238224980407147,-0.07896050672784061,4900
1799,MTHGN,100,1.6157743176729127,-0.2574625786534126,4900
1800,GMAML,10,NA,NA,0
1800,GMAML,100,NA,NA,0
1800,HGN,10,NA,NA,0
1800,HGN,100,NA,NA,0
1800,MTHGN,10,NA,NA,0
1800,MTHGN,100,NA,NA,0
1801,GMAML,10,4.186379216212701,-0.2685393933176231,4900
1801,GMAML,100,3.868063471737917,-0.3261316286574682,4900
1801,HGN,10,3.798119344162922,-1.0906527856293227,4900
1801,HGN,100,7.536204494881448,-2.446007769658235,4900
1801,MTHGN,10,3.2470752402530656,-0.053807536938346875,4900
1801,MTHGN,100,2.837343187351767,0.10871884616967539,4900
1802,GMAML,10,NA,NA,0
1802,GMAML,100,NA,NA,0
1802,HGN,10,NA,NA,0
1802,HGN,100,NA,NA,0
1802,MTHGN,10,NA,NA,0
1802,MTHGN,100,NA,NA,0
1803,GMAML,10,0.3837317625982217,0.028790216467441277,4900
1803,GMAML,100,0.5969875257816429,0.45782221857513916,4900
1803,HGN,10,1.583445926884288,-0.17599305230477644,4900
1803,HGN,100,2.5063933269505023,-0.7899299615365124,4900
1803,MTHGN,10,0.6153992431045235,0.27725123117296274,4900
1803,MTHGN,100,0.47389205414011015,0.11877261768930025,4900
1804,GMAML,10,0.9359708492232633,0.0038861131903343595,4900
1804,GMAML,100,0.827636915622146,0.03666204739779699,4900
1804,HGN,10,1.3922040489425356,-0.2611758900087528,4900
1804,HGN,100,2.1931006023366675,-0.767022265114883,4900
1804,MTHGN,10,0.8817558062735857,-0.04453925063834041,4900
1804,MTHGN,100,0.6326505587758992,0.019805242293414807,4900
1805,GMAML,10,1.6342126095670075,-0.009258913087152622,4900
1805,GMAML,100,1.5756341336652868,0.2545603873724387,4900
1805,HGN,10,2.221829033960637,0.38592409629374025,4900
1805,HGN,100,3.2570893954151305,-0.6078041696359153,4900
1805,MTHGN,10,1.5399966236561697,0.08807992693789485,4900
1805,MTHGN,100,1.1897580404450532,-0.30043062042756624,4900
1806,GMAML,10,2.598717673553309,-0.5869616114572572,498
1806,GMAML,100,2.42273545488624,-0.3905405649595023,498
1806,HGN,10,2.3722130573270324,-0.23911813509332447,498
1806,HGN,100,5.913348384018571,-3.572670646785448,498
1806,MTHGN,10,2.019769499518754,0.0068732559066190385,498
1806,MTHGN,100,1.8874437303845688,-0.44627765607566067,498
1807,GMAML,10,NA,NA,0
1807,GMAML,100,NA,NA,0
1807,HGN,10,NA,NA,0
1807,HGN,100,NA,NA,0
1807,MTHGN,10,NA,NA,0
1807,MTHGN,100,NA,NA,0
1808,GMAML,10,1.6180000245695099,-0.17114320426654064,4900
1808,GMAML,100,1.3906463715918616,-0.13279098890341046,4900
1808,HGN,10,1.512698516950027,-0.4012854623194639,4900
1808,HGN,100,3.775426957530997,-1.624270029968899,4900
1808,MTHGN,10,1.1588949746087651,0.15194495597588784,4900
1808,MTHGN,100,1.1657626505728198,-0.21861107274053035,4900
1809,GMAML,10,NA,NA,0
1809,GMAML,100,NA,NA,0
1809,HGN,10,NA,NA,0
1809,HGN,100,NA,NA,0
1809,MTHGN,10,NA,NA,0
1809,MTHGN,100,NA,NA,0
1810,GMAML,10,NA,NA,0
1810,GMAML,100,NA,NA,0
1810,HGN,10,NA,NA,0
1810,HGN,100,NA,NA,0
1810,MTHGN,10,NA,NA,0
1810,MTHGN,100,NA,NA,0
1811,GMAML,10,NA,NA,0
1811,GMAML,100,NA,NA,0
1811,HGN,10,NA,NA,0
1811,HGN,100,NA,NA,0
1811,MTHGN,10,NA,NA,0
1811,MTHGN,100,NA,NA,0
1812,GMAML,10,NA,NA,0
1812,GMAML,100,NA,NA,0
1812,HGN,10,NA,NA,0
1812,HGN,100,NA,NA,0
1812,MTHGN,10,NA,NA,0
1812,MTHGN,100,NA,NA,0
1813,GMAML,10,NA,NA,0
1813,GMAML,100,NA,NA,0
1813,HGN,10,NA,NA,0
1813,HGN,100,NA,NA,0
1813,MTHGN,10,NA,NA,0
1813,MTHGN,100,NA,NA,0
1814,GMAML,10,NA,NA,0
1814,GMAML,100,NA,NA,0
1814,HGN,10,NA,NA,0
1814,HGN,100,NA,NA,0
1814,MTHGN,10,NA,NA,0
1814,MTHGN,100,NA,NA,0
1815,GMAML,10,1.3897910330147794,0.02228088801650824,4900
1815,GMAML,100,1.2052745816312564,0.16459414993020696,4900
1815,HGN,10,1.6924802167925252,0.07536056791284103,4900
1815,HGN,100,2.459356332324406,-1.1648274148482962,4900
1815,MTHGN,10,1.0539097388681298,0.19206362517519618,4900
1815,MTHGN,100,0.8809510390877865,-0.05611753398051323,4900
1816,GMAML,10,NA,NA,0
1816,GMAML,100,NA,NA,0
1816,HGN,10,NA,NA,0
1816,HGN,100,NA,NA,0
1816,MTHGN,10,NA,NA,0
1816,MTHGN,100,NA,NA,0
1817,GMAML,10,NA,NA,0
1817,GMAML,100,NA,NA,0
1817,HGN,10,NA,NA,0
1817,HGN,100,NA,NA,0
1817,MTHGN,10,NA,NA,0
1817,MTHGN,100,NA,NA,0
1818,GMAML,10,NA,NA,0
1818,GMAML,100,NA,NA,0
1818,HGN,10,NA,NA,0
1818,HGN,100,NA,NA,0
1818,MTHGN,10,NA,NA,0
1818,MTHGN,100,NA,NA,0
1819,GMAML,10,NA,NA,0
1819,GMAML,100,NA,NA,0
1819,HGN,10,NA,NA,0
1819,HGN,100,NA,NA,0
1819,MTHGN,10,NA,NA,0
1819,MTHGN,100,NA,NA,0
1820,GMAML,10,NA,NA,0
1820,GMAML,100,NA,NA,0
1820,HGN,10,NA,NA,0
1820,HGN,100,NA,NA,0
1820,MTHGN,10,NA,NA,0
1820,MTHGN,100,NA,NA,0
1821,GMAML,10,NA,NA,0
1821,GMAML,100,NA,NA,0
1821,HGN,10,NA,NA,0
1821,HGN,100,NA,NA,0
1821,MTHGN,10,NA,NA,0
1821,MTHGN,100,NA,NA,0
1822,GMAML,10,NA,NA,0
1822,GMAML,100,NA,NA,0
1822,HGN,10,NA,NA,0
1822,HGN,100,NA,NA,0
1822,MTHGN,10,NA,NA,0
1822,MTHGN,100,NA,NA,0
1823,GMAML,10,NA,NA,0
1823,GMAML,100,NA,NA,0
1823,HGN,10,NA,NA,0
1823,HGN,100,NA,NA,0
1823,MTHGN,10,NA,NA,0
1823,MTHGN,100,NA,NA,0
1824,GMAML,10,NA,NA,0
1824,GMAML,100,NA,NA,0
1824,HGN,10,NA,NA,0
1824,HGN,100,NA,NA,0
1824,MTHGN,10,NA,NA,0
1824,MTHGN,100,NA,NA,0
1825,GMAML,10,NA,NA,0
1825,GMAML,100,NA,NA,0
1825,HGN,10,NA,NA,0
1825,HGN,100,NA,NA,0
1825,MTHGN,10,NA,NA,0
1825,MTHGN,100,NA,NA,0
1826,GMAML,10,0.4906426952515765,0.04539471999403188,3803
1826,GMAML,100,0.5466925243148758,0.32460558882934787,3803
1826,HGN,10,1.2182690172838335,-0.07900729210735519,3803
1826,HGN,100,2.481544260634633,-1.6871097304946872,3803
1826,MTHGN,10,0.5908190679490875,0.034890586673868365,3803
1826,MTHGN,100,0.5451922022455884,-0.1269783495523698,3803
1827,GMAML,10,NA,NA,0
1827,GMAML,100,NA,NA,0
1827,HGN,10,NA,NA,0
1827,HGN,100,NA,NA,0
1827,MTHGN,10,NA,NA,0
1827,MTHGN,100,NA,NA,0
1828,GMAML,10,NA,NA,0
1828,GMAML,100,NA,NA,0
1828,HGN,10,NA,NA,0
1828,HGN,100,NA,NA,0
1828,MTHGN,10,NA,NA,0
1828,MTHGN,100,NA,NA,0
1829,GMAML,10,NA,NA,0
1829,GMAML,100,NA,NA,0
1829,HGN,10,NA,NA,0
1829,HGN,100,NA,NA,0
1829,MTHGN,10,NA,NA,0
1829,MTHGN,100,NA,NA,0
1830,GMAML,10,NA,NA,0
1830,GMAML,100,NA,NA,0
1830,HGN,10,NA,NA,0
1830,HGN,100,NA,NA,0
1830,MTHGN,10,NA,NA,0
1830,MTHGN,100,NA,NA,0
2005,GMAML,10,0.92878630422492,-0.10865489406977429,4900
2005,GMAML,100,0.9301261005823608,-0.06747131300466892,4900
2005,HGN,10,2.1427668812931397,1.0229771003458326,4900
2005,HGN,100,3.36895086429216,-0.7635533114198082,4900
2005,MTHGN,10,1.0682175037572252,0.06091804394057328,4900
2005,MTHGN,100,0.8361945439145783,-6.76633614744507e-4,4900
2006,GMAML,10,NA,NA,0
2006,GMAML,100,NA,NA,0
2006,HGN,10,NA,NA,0
2006,HGN,100,NA,NA,0
2006,MTHGN,10,NA,NA,0
2006,MTHGN,100,NA,NA,0
2007,GMAML,10,0.31410096857023745,-0.037786781354223954,4900
2007,GMAML,100,0.41515839464465865,0.14233349433883574,4900
2007,HGN,10,1.7432663278382488,1.1582476521173852,4900
2007,HGN,100,2.0615589050275434,-1.0867488316257221,4900
2007,MTHGN,10,0.5329299994475718,-0.12981640155301555,4900
2007,MTHGN,100,0.604875517451754,0.18154969253018657,4900
2008,GMAML,10,2.618002748107266,-0.27315482314829165,4900
2008,GMAML,100,2.3835404719833284,-0.3117099802532023,4900
2008,HGN,10,3.4939889995973585,0.7875750591808026,4900
2008,HGN,100,5.664701816734236,-1.1946346077446084,4900
2008,MTHGN,10,2.731298783949793,0.12935320028830333,4900
2008,MTHGN,100,1.880714126558288,-0.14919112505368037,4900
2009,GMAML,10,0.5144762747267225,0.010418679880758253,4900
2009,GMAML,100,0.47064061104832705,0.06788073880143577,4900
2009,HGN,10,1.2608175436871365,0.2651953671803249,4900
2009,HGN,100,2.5007624452561124,-1.4176817415643077,4900
2009,MTHGN,10,0.6210633945473999,-0.06251068353233022,4900
2009,MTHGN,100,0.4777387074234072,-0.1040104148297259,4900
2010,GMAML,10,1.6706461137201716,-0.1385704702936975,4900
2010,GMAML,100,1.3936901201433645,-0.056059429804898864,4900
2010,HGN,10,1.988892083629345,0.24876819734596675,4900
2010,HGN,100,3.195921605140735,-1.6153797991738121,4900
2010,MTHGN,10,1.5316567031778365,-0.07011741456451183,4900
2010,MTHGN,100,1.1834526348791898,-0.14320439779759386,4900
2011,GMAML,10,NA,NA,0
2011,GMAML,100,NA,NA,0
2011,HGN,10,NA,NA,0
2011,HGN,100,NA,NA,0
2011,MTHGN,10,NA,NA,0
2011,MTHGN,100,NA,NA,0
2012,GMAML,10,4.5818273616873935,-0.7059130355562132,4900
2012,GMAML,100,4.068651641964794,-0.553532640459997,4900
2012,HGN,10,4.526844707728115,-0.1643423647471486,4900
2012,HGN,100,6.757861780502535,-1.8561812537304452,4900
2012,MTHGN,10,3.4679534103630467,-0.07361801247248564,4900
2012,MTHGN,100,3.2285947973165894,-0.5900333831022438,4900
2013,GMAML,10,2.5125320323276314,-0.21097490142914782,4900
2013,GMAML,100,2.3105992311089953,-0.2142088470602972,4900
2013,HGN,10,2.8609906118395947,0.9869353169185525,4900
2013,HGN,100,4.58539809343127,-0.275233526711363,4900
2013,MTHGN,10,2.4196383041443776,-0.010972401263564207,4900
2013,MTHGN,100,1.9110120339236762,-0.2718403058098737,4900
2014,GMAML,10,2.9908787635623253,-0.1754907383443698,4900
2014,GMAML,100,2.7211506965214385,-0.1967525772138804,4900
2014,HGN,10,3.214311670028818,1.196709396218833,4900
2014,HGN,100,4.300561928040078,-0.2960010191217047,4900
2014,MTHGN,10,2.4829722262964604,0.16232935444770596,4900
2014,MTHGN,100,2.2265063525580415,-0.1421946015007928,4900
2015,GMAML,10,NA,NA,0
2015,GMAML,100,NA,NA,0
2015,HGN,10,NA,NA,0
2015,HGN,100,NA,NA,0
2015,MTHGN,10,NA,NA,0
2015,MTHGN,100,NA,NA,0
2016,GMAML,10,NA,NA,0
2016,GMAML,100,NA,NA,0
2016,HGN,10,NA,NA,0
2016,HGN,100,NA,NA,0
2016,MTHGN,10,NA,NA,0
2016,MTHGN,100,NA,NA,0
2017,GMAML,10,0.3868392889216421,0.10293389472566664,4900
2017,GMAML,100,0.45980738829645,0.27545711076287777,4900
2017,HGN,10,1.3177848961375682,-0.31312331009013955,4900
2017,HGN,100,2.0088087545869584,-0.6377975796689409,4900
2017,MTHGN,10,0.8346447254932787,0.36336208012545784,4900
2017,MTHGN,100,0.7409704042260987,0.008892752393449506,4900
2018,GMAML,10,NA,NA,0
2018,GMAML,100,NA,NA,0
2018,HGN,10,NA,NA,0
2018,HGN,100,NA,NA,0
2018,MTHGN,10,NA,NA,0
2018,MTHGN,100,NA,NA,0
2019,GMAML,10,1.8679204673561687,-0.2766109531579396,4900
2019,GMAML,100,1.661879972838169,-0.21956865966484274,4900
2019,HGN,10,2.210901678980006,-0.08904195012728182,4900
2019,HGN,100,4.15816348029134,-1.334026787532045,4900
2019,MTHGN,10,1.6127940237374712,-0.11393366454371404,4900
2019,MTHGN,100,1.570168300422737,-0.5600254026801612,4900
2020,GMAML,10,NA,NA,0
2020,GMAML,100,NA,NA,0
2020,HGN,10,NA,NA,0
2020,HGN,100,NA,NA,0
2020,MTHGN,10,NA,NA,0
2020,MTHGN,100,NA,NA,0
2021,GMAML,10,3.63905639718613,-0.3094835758164096,4900
2021,GMAML,100,3.255671418945646,-0.24777254492242384,4900
2021,HGN,10,3.454255517887584,-0.2396254893557025,4900
2021,HGN,100,6.717670545804826,-1.318942296415722,4900
2021,MTHGN,10,2.800093656916548,0.21139213342249735,4900
2021,MTHGN,100,2.904729260126074,0.224021434143335,4900
2022,GMAML,10,NA,NA,0
2022,GMAML,100,NA,NA,0
2022,HGN,10,NA,NA,0
2022,HGN,100,NA,NA,0
2022,MTHGN,10,NA,NA,0
2022,MTHGN,100,NA,NA,0
2023,GMAML,10,NA,NA,0
2023,GMAML,100,NA,NA,0
2023,HGN,10,NA,NA,0
2023,HGN,100,NA,NA,0
2023,MTHGN,10,NA,NA,0
2023,MTHGN,100,NA,NA,0
2024,GMAML,10,NA,NA,0
2024,GMAML,100,NA,NA,0
2024,HGN,10,NA,NA,0
2024,HGN,100,NA,NA,0
2024,MTHGN,10,NA,NA,0
2024,MTHGN,100,NA,NA,0
2025,GMAML,10,NA,NA,0
2025,GMAML,100,NA,NA,0
2025,HGN,10,NA,NA,0
2025,HGN,100,NA,NA,0
2025,MTHGN,10,NA,NA,0
2025,MTHGN,100,NA,NA,0
2026,GMAML,10,NA,NA,0
2026,GMAML,100,NA,NA,0
2026,HGN,10,NA,NA,0
2026,HGN,100,NA,NA,0
2026,MTHGN,10,NA,NA,0
2026,MTHGN,100,NA,NA,0
2027,GMAML,10,NA,NA,0
2027,GMAML,100,NA,NA,0
2027,HGN,10,NA,NA,0
2027,HGN,100,NA,NA,0
2027,MTHGN,10,NA,NA,0
2027,MTHGN,100,NA,NA,0
2028,GMAML,10,NA,NA,0
2028,GMAML,100,NA,NA,0
2028,HGN,10,NA,NA,0
2028,HGN,100,NA,NA,0
2028,MTHGN,10,NA,NA,0
2028,MTHGN,100,NA,NA,0
2029,GMAML,10,1.0119257693262436,-0.022122799805238468,4900
2029,GMAML,100,0.8615069568364891,0.08191592736801548,4900
2029,HGN,10,1.8465118178669173,-0.3832856239656769,4900
2029,HGN,100,2.261356438560741,-0.5139767246801247,4900
2029,MTHGN,10,0.9141665320245418,-0.10616617640380731,4900
2029,MTHGN,100,0.8011367239698871,0.09168511108766023,4900
2030,GMAML,10,2.89279839600241,-0.2728059329271381,4900
2030,GMAML,100,2.568946022920183,-0.2543412329925074,4900
2030,HGN,10,2.5789686572781685,-0.17933782917529384,4900
2030,HGN,100,4.04048962331035,-2.057839450176224,4900
2030,MTHGN,10,2.3001800652001467,0.1985059018798513,4900
2030,MTHGN,100,2.444498067076648,-0.3963411423837159,4900
2031,GMAML,10,3.5683168929005,-0.2805471179388322,4900
2031,GMAML,100,3.1876228460347273,-0.1835576743020485,4900
2031,HGN,10,3.1972161583872505,-0.17111927832757437,4900
2031,HGN,100,4.2078567664724975,-2.129209005274253,4900
2031,MTHGN,10,2.869010114154926,0.007052077783695621,4900
2031,MTHGN,100,3.094329621399832,-0.37191265853197325,4900
2032,GMAML,10,NA,NA,0
2032,GMAML,100,NA,NA,0
2032,HGN,10,NA,NA,0
2032,HGN,100,NA,NA,0
2032,MTHGN,10,NA,NA,0
2032,MTHGN,100,NA,NA,0
2033,GMAML,10,6.146602153415167,-0.36127418884194773,4900
2033,GMAML,100,5.5737085613481625,-0.25064068115806026,4900
2033,HGN,10,5.270990351677751,-0.7777633397285807,4900
2033,HGN,100,5.536111112375436,-1.7609275771557305,4900
2033,MTHGN,10,4.6310187497906,0.44268241333399566,4900
2033,MTHGN,100,5.052957527755691,-0.16010711109470283,4900
2034,GMAML,10,3.892137139368169,-0.304069860423192,4900
2034,GMAML,100,3.5364708082669463,-0.12180135188836733,4900
2034,HGN,10,3.619801369145088,-0.046245990898022143,4900
2034,HGN,100,4.874390095712289,-0.2736294785402675,4900
2034,MTHGN,10,3.0161378167510597,0.5396272618351735,4900
2034,MTHGN,100,3.1035241384586847,0.18288047264250665,4900
2035,GMAML,10,NA,NA,0
2035,GMAML,100,NA,NA,0
2035,HGN,10,NA,NA,0
2035,HGN,100,NA,NA,0
2035,MTHGN,10,NA,NA,0
2035,MTHGN,100,NA,NA,0
2036,GMAML,10,1.9792399561743894,-0.046642220208543174,4900
2036,GMAML,100,1.7873616339437701,0.042504076625806,4900
2036,HGN,10,2.1860584756755044,0.03167157597124407,4900
2036,HGN,100,4.186619256219023,-0.962927926885652,4900
2036,MTHGN,10,1.7729524063221764,-0.16019581345617379,4900
2036,MTHGN,100,1.5869597789139114,0.04263281570667299,4900
2037,GMAML,10,14.982338838118077,-2.30968680145423,4900
2037,GMAML,100,13.166845685634362,-1.0496830738198897,4900
2037,HGN,10,10.128925054805803,-0.34945282798031124,4900
2037,HGN,100,11.322118274667268,-0.7840611010546483,4900
2037,MTHGN,10,9.436155034106163,0.24219024226374591,4900
2037,MTHGN,100,8.009182424680436,-0.2545572464198379,4900
2038,GMAML,10,NA,NA,0
2038,GMAML,100,NA,NA,0
2038,HGN,10,NA,NA,0
2038,HGN,100,NA,NA,0
2038,MTHGN,10,NA,NA,0
2038,MTHGN,100,NA,NA,0
2039,GMAML,10,NA,NA,0
2039,GMAML,100,NA,NA,0
2039,HGN,10,NA,NA,0
2039,HGN,100,NA,NA,0
2039,MTHGN,10,NA,NA,0
2039,MTHGN,100,NA,NA,0
2040,GMAML,10,NA,NA,0
2040,GMAML,100,NA,NA,0
2040,HGN,10,NA,NA,0
2040,HGN,100,NA,NA,0
2040,MTHGN,10,NA,NA,0
2040,MTHGN,100,NA,NA,0
2041,GMAML,10,NA,NA,0
2041,GMAML,100,NA,NA,0
2041,HGN,10,NA,NA,0
2041,HGN,100,NA,NA,0
2041,MTHGN,10,NA,NA,0
2041,MTHGN,100,NA,NA,0
2042,GMAML,10,NA,NA,0
2042,GMAML,100,NA,NA,0
2042,HGN,10,NA,NA,0
2042,HGN,100,NA,NA,0
2042,MTHGN,10,NA,NA,0
2042,MTHGN,100,NA,NA,0
2043,GMAML,10,0.2952726871886415,-0.005329897691334127,4898
2043,GMAML,100,0.3213516644840392,0.0880459137916369,4898
2043,HGN,10,1.2629295893018342,-0.30783639312529976,4898
2043,HGN,100,1.9000722080606143,-0.9787223603272351,4898
2043,MTHGN,10,0.4863543309899105,-0.08859019693948642,4898
2043,MTHGN,100,0.365555778095061,0.20043322383129814,4898
2044,GMAML,10,NA,NA,0
2044,GMAML,100,NA,NA,0
2044,HGN,10,NA,NA,0
2044,HGN,100,NA,NA,0
2044,MTHGN,10,NA,NA,0
2044,MTHGN,100,NA,NA,0
2045,GMAML,10,NA,NA,0
2045,GMAML,100,NA,NA,0
2045,HGN,10,NA,NA,0
2045,HGN,100,NA,NA,0
2045,MTHGN,10,NA,NA,0
2045,MTHGN,100,NA,NA,0
2046,GMAML,10,16.437589357494186,-1.7783406416952867,4900
2046,GMAML,100,14.71536361231801,-0.6407472401754777,4900
2046,HGN,10,13.679562149050316,0.3953723595510685,4900
2046,HGN,100,12.898958120302915,1.4883944765869872,4900
2046,MTHGN,10,11.147039978282729,-0.11400479360693022,4900
2046,MTHGN,100,8.875181223880297,-0.0597810235821051,4900
2047,GMAML,10,NA,NA,0
2047,GMAML,100,NA,NA,0
2047,HGN,10,NA,NA,0
2047,HGN,100,NA,NA,0
2047,MTHGN,10,NA,NA,0
2047,MTHGN,100,NA,NA,0
2048,GMAML,10,NA,NA,0
2048,GMAML,100,NA,NA,0
2048,HGN,10,NA,NA,0
2048,HGN,100,NA,NA,0
2048,MTHGN,10,NA,NA,0
2048,MTHGN,100,NA,NA,0
2277,GMAML,10,2.7195047741262055,-0.6730307009627174,4900
2277,GMAML,100,2.401700468061931,-0.6131086331367749,4900
2277,HGN,10,3.2497037217255156,0.012497777517397852,4900
2277,HGN,100,3.3178456852639946,-0.15559121226829054,4900
2277,MTHGN,10,2.8587358195862573,-3.517670295932497e-4,4900
2277,MTHGN,100,1.7441777797033708,-0.3824507080540621,4900
2278,GMAML,10,NA,NA,0
2278,GMAML,100,NA,NA,0
2278,HGN,10,NA,NA,0
2278,HGN,100,NA,NA,0
2278,MTHGN,10,NA,NA,0
2278,MTHGN,100,NA,NA,0
2279,GMAML,10,8.168084129518617,-1.4021557168940517,2930
2279,GMAML,100,6.504431185759606,-0.4512638390867127,2930
2279,HGN,10,8.878376672922053,0.26076751522355895,2930
2279,HGN,100,11.806173130028506,-1.5097065086239998,2930
2279,MTHGN,10,6.148895981066377,0.8171978686460706,2930
2279,MTHGN,100,5.703625213784461,0.373049888310848,2930
2280,GMAML,10,22.56499875750686,-3.727593060244558,4900
2280,GMAML,100,19.070533076870696,-2.0806013113684636,4900
2280,HGN,10,13.940956321938764,-3.3547384720254603,4900
2280,HGN,100,16.563392211931415,-6.5212370507144035,4900
2280,MTHGN,10,12.75075312574568,-0.23662674520074908,4900
2280,MTHGN,100,11.950117437238772,-1.041269012427922,4900
2281,GMAML,10,1.2644078728209587,-0.21438258162827145,1310
2281,GMAML,100,1.4332514701255141,0.14185606747159032,1310
2281,HGN,10,6.242027699479397,2.6093297934197364,1310
2281,HGN,100,11.470773321618019,0.30677716785235676,1310
2281,MTHGN,10,3.0225157244847387,0.569022627809334,1310
2281,MTHGN,100,1.1030030683263898,-0.07567085675179994,1310
2282,GMAML,10,6.450593588715156,-1.4795746444690054,4900
2282,GMAML,100,5.40347327585407,-1.1910271774236327,4900
2282,HGN,10,7.396062572000315,-1.1875832094216905,4900
2282,HGN,100,13.439767918856779,-4.490527823820192,4900
2282,MTHGN,10,4.5712023964557815,-0.7837170759729267,4900
2282,MTHGN,100,3.981438084800703,-0.9187445931748759,4900
2283,GMAML,10,NA,NA,0
2283,GMAML,100,NA,NA,0
2283,HGN,10,NA,NA,0
2283,HGN,100,NA,NA,0
2283,MTHGN,10,NA,NA,0
2283,MTHGN,100,NA,NA,0
2284,GMAML,10,NA,NA,0
2284,GMAML,100,NA,NA,0
2284,HGN,10,NA,NA,0
2284,HGN,100,NA,NA,0
2284,MTHGN,10,NA,NA,0
2284,MTHGN,100,NA,NA,0
2285,GMAML,10,NA,NA,0
2285,GMAML,100,NA,NA,0
2285,HGN,10,NA,NA,0
2285,HGN,100,NA,NA,0
2285,MTHGN,10,NA,NA,0
2285,MTHGN,100,NA,NA,0
2286,GMAML,10,NA,NA,0
2286,GMAML,100,NA,NA,0
2286,HGN,10,NA,NA,0
2286,HGN,100,NA,NA,0
2286,MTHGN,10,NA,NA,0
2286,MTHGN,100,NA,NA,0
2287,GMAML,10,NA,NA,0
2287,GMAML,100,NA,NA,0
2287,HGN,10,NA,NA,0
2287,HGN,100,NA,NA,0
2287,MTHGN,10,NA,NA,0
2287,MTHGN,100,NA,NA,0
2288,GMAML,10,11.814612355064158,-10.760437958772382,19
2288,GMAML,100,3.3880804049794855,-0.5182764451456509,19
2288,HGN,10,4.693604337274038,-3.2409354487204025,19
2288,HGN,100,11.751382644525359,-9.16767605195075,19
2288,MTHGN,10,4.0618527814886205,-2.4260838956911126,19
2288,MTHGN,100,6.2184299180682325,-4.215978652209024,19
2289,GMAML,10,2.675784279997252,-0.20021895153168043,4900
2289,GMAML,100,2.420507402532874,-0.20256722657145979,4900
2289,HGN,10,2.754344881299911,-0.6184602840809021,4900
2289,HGN,100,3.374803551688335,-1.4945906330381191,4900
2289,MTHGN,10,2.1238042081851902,-0.12153407259961257,4900
2289,MTHGN,100,2.0213302341305774,-0.14789120272812273,4900
2290,GMAML,10,1.6848288604378232,-0.12633709391914597,4900
2290,GMAML,100,1.4780174199145912,-0.11135643942341314,4900
2290,HGN,10,2.1067388859969602,-0.3629105644042956,4900
2290,HGN,100,3.0238188078820842,-1.2079667793277311,4900
2290,MTHGN,10,1.3770590515715742,-0.07726638825898069,4900
2290,MTHGN,100,1.2135976795858006,-0.21382014248161701,4900
2291,GMAML,10,3.291173856746946,-0.2563805475620274,4540
2291,GMAML,100,2.9340098024849843,-0.31621232877307937,4540
2291,HGN,10,3.299597225957693,-0.7882443170806738,4540
2291,HGN,100,4.670137299641207,-1.3089789873212958,4540
2291,MTHGN,10,2.8519842238866473,0.05058053605530347,4540
2291,MTHGN,100,2.299014293163593,0.07204538951009497,4540
2292,GMAML,10,NA,NA,0
2292,GMAML,100,NA,NA,0
2292,HGN,10,NA,NA,0
2292,HGN,100,NA,NA,0
2292,MTHGN,10,NA,NA,0
2292,MTHGN,100,NA,NA,0
2293,GMAML,10,NA,NA,0
2293,GMAML,100,NA,NA,0
2293,HGN,10,NA,NA,0
2293,HGN,100,NA,NA,0
2293,MTHGN,10,NA,NA,0
2293,MTHGN,100,NA,NA,0
2294,GMAML,10,6.709692036231091,-0.03991619748940009,4900
2294,GMAML,100,5.989955104635936,0.06183240412367733,4900
2294,HGN,10,5.406841466929776,-0.2301455808801771,4900
2294,HGN,100,5.542292782134978,-1.8541960411785463,4900
2294,MTHGN,10,4.748375694867636,0.0020776687219788066,4900
2294,MTHGN,100,4.3019246326147105,0.3637726218230007,4900
2295,GMAML,10,NA,NA,0
2295,GMAML,100,NA,NA,0
2295,HGN,10,NA,NA,0
2295,HGN,100,NA,NA,0
2295,MTHGN,10,NA,NA,0
2295,MTHGN,100,NA,NA,0
2296,GMAML,10,NA,NA,0
2296,GMAML,100,NA,NA,0
2296,HGN,10,NA,NA,0
2296,HGN,100,NA,NA,0
2296,MTHGN,10,NA,NA,0
2296,MTHGN,100,NA,NA,0
2297,GMAML,10,3.4920159870869245,-0.2965502819030632,4900
2297,GMAML,100,3.2407633661356194,-0.30315889888778547,4900
2297,HGN,10,3.1898451992058927,-0.7186208584601546,4900
2297,HGN,100,7.387348661765639,-1.8271845462239085,4900
2297,MTHGN,10,2.4957861246772604,0.12906685956988495,4900
2297,MTHGN,100,2.5090007524504307,0.20605612882647675,4900
2298,GMAML,10,4.6253100779600045,-0.428914542776053,4900
2298,GMAML,100,4.090519284795495,-0.19146632595778737,4900
2298,HGN,10,4.107576172453633,-0.7003055379446173,4900
2298,HGN,100,7.36824630328493,-1.7887081491444672,4900
2298,MTHGN,10,3.6268342683036416,0.0704096698047068,4900
2298,MTHGN,100,3.4607141069327287,-0.14704712777562295,4900
2299,GMAML,10,1.4429356249210232,-0.2072970883218378,4900
2299,GMAML,100,1.208468324560088,-0.06477557016810263,4900
2299,HGN,10,1.611179321051982,-0.21043546116580886,4900
2299,HGN,100,3.056633896818651,-1.1200442732285933,4900
2299,MTHGN,10,1.1124139318777961,-0.1655452506085285,4900
2299,MTHGN,100,1.0692283480977414,-0.0402321976720524,4900
2300,GMAML,10,0.6251129971174683,0.07775728224146143,4900
2300,GMAML,100,0.6234013450037174,0.3456984599552925,4900
2300,HGN,10,1.0136845987476775,-0.06132876115409677,4900
2300,HGN,100,2.262093434185578,-1.3395614503131503,4900
2300,MTHGN,10,0.9434089706489465,0.650808347218289,4900
2300,MTHGN,100,0.6558628314255314,0.35839667964751304,4900
2301,GMAML,10,9.766246002715826,-1.9568732318175144,4900
2301,GMAML,100,8.932363509458568,-2.36245653484461,4900
2301,HGN,10,10.464641113737196,-0.6138676546522609,4900
2301,HGN,100,13.36014924203441,-1.7636607774049382,4900
2301,MTHGN,10,9.264466035359161,0.8953065013286071,4900
2301,MTHGN,100,6.6501269340037,-0.7164179892068954,4900
2302,GMAML,10,NA,NA,0
2302,GMAML,100,NA,NA,0
2302,HGN,10,NA,NA,0
2302,HGN,100,NA,NA,0
2302,MTHGN,10,NA,NA,0
2302,MTHGN,100,NA,NA,0
2303,GMAML,10,27.893533714082647,-2.3192479008087816,4900
2303,GMAML,100,25.63674375916474,-1.4505790995516012,4900
2303,HGN,10,20.193873508049926,0.7188892972391971,4900
2303,HGN,100,25.0935994120513,-0.3597623982659082,4900
2303,MTHGN,10,18.966547363837492,0.40363047483639664,4900
2303,MTHGN,100,16.445164497515304,0.02397199066941443,4900
2304,GMAML,10,NA,NA,0
2304,GMAML,100,NA,NA,0
2304,HGN,10,NA,NA,0
2304,HGN,100,NA,NA,0
2304,MTHGN,10,NA,NA,0
2304,MTHGN,100,NA,NA,0
2305,GMAML,10,NA,NA,0
2305,GMAML,100,NA,NA,0
2305,HGN,10,NA,NA,0
2305,HGN,100,NA,NA,0
2305,MTHGN,10,NA,NA,0
2305,MTHGN,100,NA,NA,0
2306,GMAML,10,NA,NA,0
2306,GMAML,100,NA,NA,0
2306,HGN,10,NA,NA,0
2306,HGN,100,NA,NA,0
2306,MTHGN,10,NA,NA,0
2306,MTHGN,100,NA,NA,0
2307,GMAML,10,6.766155419682144,-0.6249422856607677,4900
2307,GMAML,100,6.252718899020464,-0.6197249101222955,4900
2307,HGN,10,5.826730683658321,-0.9459006156278579,4900
2307,HGN,100,7.170522438301557,-2.8461904332314396,4900
2307,MTHGN,10,5.083355178884826,-0.4484950132971084,4900
2307,MTHGN,100,4.5147622134360015,-0.30273751951895744,4900
2308,GMAML,10,NA,NA,0
2308,GMAML,100,NA,NA,0
2308,HGN,10,NA,NA,0
2308,HGN,100,NA,NA,0
2308,MTHGN,10,NA,NA,0
2308,MTHGN,100,NA,NA,0
2309,GMAML,10,NA,NA,0
2309,GMAML,100,NA,NA,0
2309,HGN,10,NA,NA,0
2309,HGN,100,NA,NA,0
2309,MTHGN,10,NA,NA,0
2309,MTHGN,100,NA,NA,0
2310,GMAML,10,NA,NA,0
2310,GMAML,100,NA,NA,0
2310,HGN,10,NA,NA,0
2310,HGN,100,NA,NA,0
2310,MTHGN,10,NA,NA,0
2310,MTHGN,100,NA,NA,0
2311,GMAML,10,NA,NA,0
2311,GMAML,100,NA,NA,0
2311,HGN,10,NA,NA,0
2311,HGN,100,NA,NA,0
2311,MTHGN,10,NA,NA,0
2311,MTHGN,100,NA,NA,0
2312,GMAML,10,NA,NA,0
2312,GMAML,100,NA,NA,0
2312,HGN,10,NA,NA,0
2312,HGN,100,NA,NA,0
2312,MTHGN,10,NA,NA,0
2312,MTHGN,100,NA,NA,0
2313,GMAML,10,NA,NA,0
2313,GMAML,100,NA,NA,0
2313,HGN,10,NA,NA,0
2313,HGN,100,NA,NA,0
2313,MTHGN,10,NA,NA,0
2313,MTHGN,100,NA,NA,0
2314,GMAML,10,NA,NA,0
2314,GMAML,100,NA,NA,0
2314,HGN,10,NA,NA,0
2314,HGN,100,NA,NA,0
2314,MTHGN,10,NA,NA,0
2314,MTHGN,100,NA,NA,0
2315,GMAML,10,NA,NA,0
2315,GMAML,100,NA,NA,0
2315,HGN,10,NA,NA,0
2315,HGN,100,NA,NA,0
2315,MTHGN,10,NA,NA,0
2315,MTHGN,100,NA,NA,0
2316,GMAML,10,50.6275222536593,-14.696012025939776,4900
2316,GMAML,100,40.61444914822406,-7.927072459496544,4900
2316,HGN,10,29.148792619325203,-0.49109024523675643,4900
2316,HGN,100,29.55067270399835,-4.064906316546291,4900
2316,MTHGN,10,27.122303229714802,5.380783239225205,4900
2316,MTHGN,100,22.044228729925216,0.38387884386873516,4900
2317,GMAML,10,NA,NA,0
2317,GMAML,100,NA,NA,0
2317,HGN,10,NA,NA,0
2317,HGN,100,NA,NA,0
2317,MTHGN,10,NA,NA,0
2317,MTHGN,100,NA,NA,0
2318,GMAML,10,NA,NA,0
2318,GMAML,100,NA,NA,0
2318,HGN,10,NA,NA,0
2318,HGN,100,NA,NA,0
2318,MTHGN,10,NA,NA,0
2318,MTHGN,100,NA,NA,0
2319,GMAML,10,65.03419485768039,-22.382026172545928,4900
2319,GMAML,100,52.53166307432736,-12.311699630727974,4900
2319,HGN,10,34.33865988638758,-3.2811584073139186,4900
2319,HGN,100,34.220567724702114,1.0661260517758626,4900
2319,MTHGN,10,30.52984453362612,3.6245426493757487,4900
2319,MTHGN,100,26.612680773443703,-2.8937342604329745,4900
2320,GMAML,10,137.21913762644968,-74.09084747466778,4899
2320,GMAML,100,111.18062849362299,-45.89764302056719,4899
2320,HGN,10,71.97443959349937,-2.4099502145613614,4899
2320,HGN,100,72.52216888135366,8.69196872416262,4899
2320,MTHGN,10,62.98035288345922,-0.24635299328127172,4899
2320,MTHGN,100,58.17309255668649,-1.5437531257994475,4899
2321,GMAML,10,NA,NA,0
2321,GMAML,100,NA,NA,0
2321,HGN,10,NA,NA,0
2321,HGN,100,NA,NA,0
2321,MTHGN,10,NA,NA,0
2321,MTHGN,100,NA,NA,0
2322,GMAML,10,NA,NA,0
2322,GMAML,100,NA,NA,0
2322,HGN,10,NA,NA,0
2322,HGN,100,NA,NA,0
2322,MTHGN,10,NA,NA,0
2322,MTHGN,100,NA,NA,0
2323,GMAML,10,NA,NA,0
2323,GMAML,100,NA,NA,0
2323,HGN,10,NA,NA,0
2323,HGN,100,NA,NA,0
2323,MTHGN,10,NA,NA,0
2323,MTHGN,100,NA,NA,0
2324,GMAML,10,NA,NA,0
2324,GMAML,100,NA,NA,0
2324,HGN,10,NA,NA,0
2324,HGN,100,NA,NA,0
2324,MTHGN,10,NA,NA,0
2324,MTHGN,100,NA,NA,0
2325,GMAML,10,NA,NA,0
2325,GMAML,100,NA,NA,0
2325,HGN,10,NA,NA,0
2325,HGN,100,NA,NA,0
2325,MTHGN,10,NA,NA,0
2325,MTHGN,100,NA,NA,0
2326,GMAML,10,NA,NA,0
2326,GMAML,100,NA,NA,0
2326,HGN,10,NA,NA,0
2326,HGN,100,NA,NA,0
2326,MTHGN,10,NA,NA,0
2326,MTHGN,100,NA,NA,0
2327,GMAML,10,NA,NA,0
2327,GMAML,100,NA,NA,0
2327,HGN,10,NA,NA,0
2327,HGN,100,NA,NA,0
2327,MTHGN,10,NA,NA,0
2327,MTHGN,100,NA,NA,0
2328,GMAML,10,NA,NA,0
2328,GMAML,100,NA,NA,0
2328,HGN,10,NA,NA,0
2328,HGN,100,NA,NA,0
2328,MTHGN,10,NA,NA,0
2328,MTHGN,100,NA,NA,0
2329,GMAML,10,NA,NA,0
2329,GMAML,100,NA,NA,0
2329,HGN,10,NA,NA,0
2329,HGN,100,NA,NA,0
2329,MTHGN,10,NA,NA,0
2329,MTHGN,100,NA,NA,0
2330,GMAML,10,NA,NA,0
2330,GMAML,100,NA,NA,0
2330,HGN,10,NA,NA,0
2330,HGN,100,NA,NA,0
2330,MTHGN,10,NA,NA,0
2330,MTHGN,100,NA,NA,0
2331,GMAML,10,NA,NA,0
2331,GMAML,100,NA,NA,0
2331,HGN,10,NA,NA,0
2331,HGN,100,NA,NA,0
2331,MTHGN,10,NA,NA,0
2331,MTHGN,100,NA,NA,0
2332,GMAML,10,3.5993120934518674,-0.6400141426822314,4900
2332,GMAML,100,3.162248400751446,-0.6817820845098094,4900
2332,HGN,10,3.681859701333246,-0.12125858527287679,4900
2332,HGN,100,6.938631254847797,-2.42924149115574,4900
2332,MTHGN,10,2.2738889140393743,-0.11040948080872386,4900
2332,MTHGN,100,2.1009199329814194,-0.3778461165462403,4900
2333,GMAML,10,8.541914107565102,-1.7045319315118037,4900
2333,GMAML,100,7.778475298045807,-1.7710253096087596,4900
2333,HGN,10,9.52903137103037,-1.1101337295547626,4900
2333,HGN,100,12.833280321598693,-1.958831884396172,4900
2333,MTHGN,10,7.92526416984682,-0.8978519112454126,4900
2333,MTHGN,100,6.032174045990685,-0.18488887589546948,4900
2334,GMAML,10,NA,NA,0
2334,GMAML,100,NA,NA,0
2334,HGN,10,NA,NA,0
2334,HGN,100,NA,NA,0
2334,MTHGN,10,NA,NA,0
2334,MTHGN,100,NA,NA,0
2335,GMAML,10,NA,NA,0
2335,GMAML,100,NA,NA,0
2335,HGN,10,NA,NA,0
2335,HGN,100,NA,NA,0
2335,MTHGN,10,NA,NA,0
2335,MTHGN,100,NA,NA,0
2336,GMAML,10,NA,NA,0
2336,GMAML,100,NA,NA,0
2336,HGN,10,NA,NA,0
2336,HGN,100,NA,NA,0
2336,MTHGN,10,NA,NA,0
2336,MTHGN,100,NA,NA,0
2337,GMAML,10,NA,NA,0
2337,GMAML,100,NA,NA,0
2337,HGN,10,NA,NA,0
2337,HGN,100,NA,NA,0
2337,MTHGN,10,NA,NA,0
2337,MTHGN,100,NA,NA,0
2338,GMAML,10,128.8570378223096,-49.81607263082332,4900
2338,GMAML,100,107.94295538257198,-28.94200286224683,4900
2338,HGN,10,79.33945598897515,-4.6146364118414755,4900
2338,HGN,100,78.47230253450022,8.703057101290891,4900
2338,MTHGN,10,70.53811974996883,4.411464024156778,4900
2338,MTHGN,100,62.91238880143415,-0.7188350868397013,4900
2339,GMAML,10,NA,NA,0
2339,GMAML,100,NA,NA,0
2339,HGN,10,NA,NA,0
2339,HGN,100,NA,NA,0
2339,MTHGN,10,NA,NA,0
2339,MTHGN,100,NA,NA,0
2686,GMAML,10,1.65544354882406,-0.17990847119487258,4898
2686,GMAML,100,1.330669567487847,-0.10197803055403382,4898
2686,HGN,10,2.4622917921180076,-0.3116384280438918,4898
2686,HGN,100,2.9763059417944095,-1.3358334479576868,4898
2686,MTHGN,10,1.3256152124042895,-0.1823984899027833,4898
2686,MTHGN,100,1.1077092161230848,-0.08601233665945633,4898
2687,GMAML,10,NA,NA,0
2687,GMAML,100,NA,NA,0
2687,HGN,10,NA,NA,0
2687,HGN,100,NA,NA,0
2687,MTHGN,10,NA,NA,0
2687,MTHGN,100,NA,NA,0
2688,GMAML,10,NA,NA,0
2688,GMAML,100,NA,NA,0
2688,HGN,10,NA,NA,0
2688,HGN,100,NA,NA,0
2688,MTHGN,10,NA,NA,0
2688,MTHGN,100,NA,NA,0
2689,GMAML,10,NA,NA,0
2689,GMAML,100,NA,NA,0
2689,HGN,10,NA,NA,0
2689,HGN,100,NA,NA,0
2689,MTHGN,10,NA,NA,0
2689,MTHGN,100,NA,NA,0
2690,GMAML,10,17.52089968211059,-11.669661161316888,1770
2690,GMAML,100,12.503141672324835,-5.239371150622935,1770
2690,HGN,10,14.811276899593341,-8.076350195156518,1770
2690,HGN,100,13.295813958647168,-6.63982676125381,1770
2690,MTHGN,10,13.56690415678774,-7.50224158412858,1770
2690,MTHGN,100,14.341781067872207,-8.988133438689562,1770
2691,GMAML,10,NA,NA,0
2691,GMAML,100,NA,NA,0
2691,HGN,10,NA,NA,0
2691,HGN,100,NA,NA,0
2691,MTHGN,10,NA,NA,0
2691,MTHGN,100,NA,NA,0
2692,GMAML,10,0.6029204181641974,-0.01590386868198113,1712
2692,GMAML,100,0.5777835873373223,0.23283536768124002,1712
2692,HGN,10,1.1819710900838616,-0.19234800748000827,1712
2692,HGN,100,2.0833513921539493,-1.319305651679523,1712
2692,MTHGN,10,0.6779887049040725,0.0545226847777029,1712
2692,MTHGN,100,1.0088340274028997,-0.8748385215711084,1712
2693,GMAML,10,NA,NA,0
2693,GMAML,100,NA,NA,0
2693,HGN,10,NA,NA,0
2693,HGN,100,NA,NA,0
2693,MTHGN,10,NA,NA,0
2693,MTHGN,100,NA,NA,0
2694,GMAML,10,0.1602124271869667,0.028032911357051986,4900
2694,GMAML,100,0.33044157679621056,0.04924877253775759,4900
2694,HGN,10,1.4405292582786746,-0.0025373738688052954,4900
2694,HGN,100,1.9776979239690617,-1.054840096325971,4900
2694,MTHGN,10,0.5704581453959929,-0.11493784716489298,4900
2694,MTHGN,100,0.2545866457565113,0.042385720945670335,4900
2695,GMAML,10,NA,NA,0
2695,GMAML,100,NA,NA,0
2695,HGN,10,NA,NA,0
2695,HGN,100,NA,NA,0
2695,MTHGN,10,NA,NA,0
2695,MTHGN,100,NA,NA,0
2696,GMAML,10,NA,NA,0
2696,GMAML,100,NA,NA,0
2696,HGN,10,NA,NA,0
2696,HGN,100,NA,NA,0
2696,MTHGN,10,NA,NA,0
2696,MTHGN,100,NA,NA,0
2697,GMAML,10,NA,NA,0
2697,GMAML,100,NA,NA,0
2697,HGN,10,NA,NA,0
2697,HGN,100,NA,NA,0
2697,MTHGN,10,NA,NA,0
2697,MTHGN,100,NA,NA,0
2698,GMAML,10,NA,NA,0
2698,GMAML,100,NA,NA,0
2698,HGN,10,NA,NA,0
2698,HGN,100,NA,NA,0
2698,MTHGN,10,NA,NA,0
2698,MTHGN,100,NA,NA,0
2699,GMAML,10,NA,NA,0
2699,GMAML,100,NA,NA,0
2699,HGN,10,NA,NA,0
2699,HGN,100,NA,NA,0
2699,MTHGN,10,NA,NA,0
2699,MTHGN,100,NA,NA,0
2700,GMAML,10,NA,NA,0
2700,GMAML,100,NA,NA,0
2700,HGN,10,NA,NA,0
2700,HGN,100,NA,NA,0
2700,MTHGN,10,NA,NA,0
2700,MTHGN,100,NA,NA,0
3557,GMAML,10,1.6707576506889918,-0.027986352731700297,4900
3557,GMAML,100,1.3795655536136586,0.11739216871274656,4900
3557,HGN,10,1.3624284838605745,-0.15048947362291798,4900
3557,HGN,100,2.3630171482399898,-1.2284213015389596,4900
3557,MTHGN,10,1.074440038597518,0.004792585578387313,4900
3557,MTHGN,100,1.1246026063546264,-0.0739785657501861,4900
3558,GMAML,10,NA,NA,0
3558,GMAML,100,NA,NA,0
3558,HGN,10,NA,NA,0
3558,HGN,100,NA,NA,0
3558,MTHGN,10,NA,NA,0
3558,MTHGN,100,NA,NA,0
3559,GMAML,10,NA,NA,0
3559,GMAML,100,NA,NA,0
3559,HGN,10,NA,NA,0
3559,HGN,100,NA,NA,0
3559,MTHGN,10,NA,NA,0
3559,MTHGN,100,NA,NA,0
3560,GMAML,10,0.4953087982149212,-0.06680862433968097,3623
3560,GMAML,100,0.4919109672915501,0.0737891558844317,3623
3560,HGN,10,1.3623175289261695,0.16246601444833533,3623
3560,HGN,100,2.4255418150093844,-1.0691565733836164,3623
3560,MTHGN,10,0.6207248260456596,-0.04530939379704413,3623
3560,MTHGN,100,0.4610723003296922,0.11870124348259588,3623
3561,GMAML,10,NA,NA,0
3561,GMAML,100,NA,NA,0
3561,HGN,10,NA,NA,0
3561,HGN,100,NA,NA,0
3561,MTHGN,10,NA,NA,0
3561,MTHGN,100,NA,NA,0
3562,GMAML,10,NA,NA,0
3562,GMAML,100,NA,NA,0
3562,HGN,10,NA,NA,0
3562,HGN,100,NA,NA,0
3562,MTHGN,10,NA,NA,0
3562,MTHGN,100,NA,NA,0
3563,GMAML,10,NA,NA,0
3563,GMAML,100,NA,NA,0
3563,HGN,10,NA,NA,0
3563,HGN,100,NA,NA,0
3563,MTHGN,10,NA,NA,0
3563,MTHGN,100,NA,NA,0
3564,GMAML,10,NA,NA,0
3564,GMAML,100,NA,NA,0
3564,HGN,10,NA,NA,0
3564,HGN,100,NA,NA,0
3564,MTHGN,10,NA,NA,0
3564,MTHGN,100,NA,NA,0
3565,GMAML,10,NA,NA,0
3565,GMAML,100,NA,NA,0
3565,HGN,10,NA,NA,0
3565,HGN,100,NA,NA,0
3565,MTHGN,10,NA,NA,0
3565,MTHGN,100,NA,NA,0
3566,GMAML,10,NA,NA,0
3566,GMAML,100,NA,NA,0
3566,HGN,10,NA,NA,0
3566,HGN,100,NA,NA,0
3566,MTHGN,10,NA,NA,0
3566,MTHGN,100,NA,NA,0
3567,GMAML,10,1.8070524629229456,-0.19440793562015238,4900
3567,GMAML,100,1.490528879554664,0.07979415784114788,4900
3567,HGN,10,2.7218246958589454,0.1354171135332437,4900
3567,HGN,100,3.1991755026310376,-1.1747353023895042,4900
3567,MTHGN,10,1.8891737284036643,-0.31498478514769546,4900
3567,MTHGN,100,1.5574840454836758,-0.19723519573368278,4900
3568,GMAML,10,NA,NA,0
3568,GMAML,100,NA,NA,0
3568,HGN,10,NA,NA,0
3568,HGN,100,NA,NA,0
3568,MTHGN,10,NA,NA,0
3568,MTHGN,100,NA,NA,0
3569,GMAML,10,NA,NA,0
3569,GMAML,100,NA,NA,0
3569,HGN,10,NA,NA,0
3569,HGN,100,NA,NA,0
3569,MTHGN,10,NA,NA,0
3569,MTHGN,100,NA,NA,0
3570,GMAML,10,3.2802321709748816,-0.6263066665894327,4900
3570,GMAML,100,2.648553786115756,-0.6920050838141076,4900
3570,HGN,10,5.383854187468953,-1.1406956893484614,4900
3570,HGN,100,6.797074232110243,-2.4773124910959443,4900
3570,MTHGN,10,3.7397202587511065,-0.8665564755129838,4900
3570,MTHGN,100,2.822713445196702,-1.152901276189602,4900
3571,GMAML,10,NA,NA,0
3571,GMAML,100,NA,NA,0
3571,HGN,10,NA,NA,0
3571,HGN,100,NA,NA,0
3571,MTHGN,10,NA,NA,0
3571,MTHGN,100,NA,NA,0
3572,GMAML,10,NA,NA,0
3572,GMAML,100,NA,NA,0
3572,HGN,10,NA,NA,0
3572,HGN,100,NA,NA,0
3572,MTHGN,10,NA,NA,0
3572,MTHGN,100,NA,NA,0
3573,GMAML,10,NA,NA,0
3573,GMAML,100,NA,NA,0
3573,HGN,10,NA,NA,0
3573,HGN,100,NA,NA,0
3573,MTHGN,10,NA,NA,0
3573,MTHGN,100,NA,NA,0
3574,GMAML,10,NA,NA,0
3574,GMAML,100,NA,NA,0
3574,HGN,10,NA,NA,0
3574,HGN,100,NA,NA,0
3574,MTHGN,10,NA,NA,0
3574,MTHGN,100,NA,NA,0
4182,GMAML,10,NA,NA,0
4182,GMAML,100,NA,NA,0
4182,HGN,10,NA,NA,0
4182,HGN,100,NA,NA,0
4182,MTHGN,10,NA,NA,0
4182,MTHGN,100,NA,NA,0
4183,GMAML,10,NA,NA,0
4183,GMAML,100,NA,NA,0
4183,HGN,10,NA,NA,0
4183,HGN,100,NA,NA,0
4183,MTHGN,10,NA,NA,0
4183,MTHGN,100,NA,NA,0
4184,GMAML,10,NA,NA,0
4184,GMAML,100,NA,NA,0
4184,HGN,10,NA,NA,0
4184,HGN,100,NA,NA,0
4184,MTHGN,10,NA,NA,0
4184,MTHGN,100,NA,NA,0
4185,GMAML,10,NA,NA,0
4185,GMAML,100,NA,NA,0
4185,HGN,10,NA,NA,0
4185,HGN,100,NA,NA,0
4185,MTHGN,10,NA,NA,0
4185,MTHGN,100,NA,NA,0
4186,GMAML,10,NA,NA,0
4186,GMAML,100,NA,NA,0
4186,HGN,10,NA,NA,0
4186,HGN,100,NA,NA,0
4186,MTHGN,10,NA,NA,0
4186,MTHGN,100,NA,NA,0
4187,GMAML,10,NA,NA,0
4187,GMAML,100,NA,NA,0
4187,HGN,10,NA,NA,0
4187,HGN,100,NA,NA,0
4187,MTHGN,10,NA,NA,0
4187,MTHGN,100,NA,NA,0
4188,GMAML,10,NA,NA,0
4188,GMAML,100,NA,NA,0
4188,HGN,10,NA,NA,0
4188,HGN,100,NA,NA,0
4188,MTHGN,10,NA,NA,0
4188,MTHGN,100,NA,NA,0
4189,GMAML,10,NA,NA,0
4189,GMAML,100,NA,NA,0
4189,HGN,10,NA,NA,0
4189,HGN,100,NA,NA,0
4189,MTHGN,10,NA,NA,0
4189,MTHGN,100,NA,NA,0
4190,GMAML,10,NA,NA,0
4190,GMAML,100,NA,NA,0
4190,HGN,10,NA,NA,0
4190,HGN,100,NA,NA,0
4190,MTHGN,10,NA,NA,0
4190,MTHGN,100,NA,NA,0
4191,GMAML,10,NA,NA,0
4191,GMAML,100,NA,NA,0
4191,HGN,10,NA,NA,0
4191,HGN,100,NA,NA,0
4191,MTHGN,10,NA,NA,0
4191,MTHGN,100,NA,NA,0
4192,GMAML,10,NA,NA,0
4192,GMAML,100,NA,NA,0
4192,HGN,10,NA,NA,0
4192,HGN,100,NA,NA,0
4192,MTHGN,10,NA,NA,0
4192,MTHGN,100,NA,NA,0
4193,GMAML,10,NA,NA,0
4193,GMAML,100,NA,NA,0
4193,HGN,10,NA,NA,0
4193,HGN,100,NA,NA,0
4193,MTHGN,10,NA,NA,0
4193,MTHGN,100,NA,NA,0
4194,GMAML,10,NA,NA,0
4194,GMAML,100,NA,NA,0
4194,HGN,10,NA,NA,0
4194,HGN,100,NA,NA,0
4194,MTHGN,10,NA,NA,0
4194,MTHGN,100,NA,NA,0
4195,GMAML,10,NA,NA,0
4195,GMAML,100,NA,NA,0
4195,HGN,10,NA,NA,0
4195,HGN,100,NA,NA,0
4195,MTHGN,10,NA,NA,0
4195,MTHGN,100,NA,NA,0
4196,GMAML,10,NA,NA,0
4196,GMAML,100,NA,NA,0
4196,HGN,10,NA,NA,0
4196,HGN,100,NA,NA,0
4196,MTHGN,10,NA,NA,0
4196,MTHGN,100,NA,NA,0
4197,GMAML,10,NA,NA,0
4197,GMAML,100,NA,NA,0
4197,HGN,10,NA,NA,0
4197,HGN,100,NA,NA,0
4197,MTHGN,10,NA,NA,0
4197,MTHGN,100,NA,NA,0
4198,GMAML,10,NA,NA,0
4198,GMAML,100,NA,NA,0
4198,HGN,10,NA,NA,0
4198,HGN,100,NA,NA,0
4198,MTHGN,10,NA,NA,0
4198,MTHGN,100,NA,NA,0
4199,GMAML,10,NA,NA,0
4199,GMAML,100,NA,NA,0
4199,HGN,10,NA,NA,0
4199,HGN,100,NA,NA,0
4199,MTHGN,10,NA,NA,0
4199,MTHGN,100,NA,NA,0
4200,GMAML,10,NA,NA,0
4200,GMAML,100,NA,NA,0
4200,HGN,10,NA,NA,0
4200,HGN,100,NA,NA,0
4200,MTHGN,10,NA,NA,0
4200,MTHGN,100,NA,NA,0
4201,GMAML,10,NA,NA,0
4201,GMAML,100,NA,NA,0
4201,HGN,10,NA,NA,0
4201,HGN,100,NA,NA,0
4201,MTHGN,10,NA,NA,0
4201,MTHGN,100,NA,NA,0
4202,GMAML,10,NA,NA,0
4202,GMAML,100,NA,NA,0
4202,HGN,10,NA,NA,0
4202,HGN,100,NA,NA,0
4202,MTHGN,10,NA,NA,0
4202,MTHGN,100,NA,NA,0
4203,GMAML,10,NA,NA,0
4203,GMAML,100,NA,NA,0
4203,HGN,10,NA,NA,0
4203,HGN,100,NA,NA,0
4203,MTHGN,10,NA,NA,0
4203,MTHGN,100,NA,NA,0
4204,GMAML,10,NA,NA,0
4204,GMAML,100,NA,NA,0
4204,HGN,10,NA,NA,0
4204,HGN,100,NA,NA,0
4204,MTHGN,10,NA,NA,0
4204,MTHGN,100,NA,NA,0
4205,GMAML,10,NA,NA,0
4205,GMAML,100,NA,NA,0
4205,HGN,10,NA,NA,0
4205,HGN,100,NA,NA,0
4205,MTHGN,10,NA,NA,0
4205,MTHGN,100,NA,NA,0
4206,GMAML,10,NA,NA,0
4206,GMAML,100,NA,NA,0
4206,HGN,10,NA,NA,0
4206,HGN,100,NA,NA,0
4206,MTHGN,10,NA,NA,0
4206,MTHGN,100,NA,NA,0
4230,GMAML,10,NA,NA,0
4230,GMAML,100,NA,NA,0
4230,HGN,10,NA,NA,0
4230,HGN,100,NA,NA,0
4230,MTHGN,10,NA,NA,0
4230,MTHGN,100,NA,NA,0
4231,GMAML,10,NA,NA,0
4231,GMAML,100,NA,NA,0
4231,HGN,10,NA,NA,0
4231,HGN,100,NA,NA,0
4231,MTHGN,10,NA,NA,0
4231,MTHGN,100,NA,NA,0
